{
  "type": "FeatureCollection",
  "features": [
    {
      "type": "Feature",
      "geometry": {
        "type": "Point",
        "coordinates": [
          86.188721,
          41.813959
        ]
      },
      "properties": {
        "整理后的馆驿名称": "铁门关西馆",
        "相对于741年州县位置/大致范围": "渠黎都督府",
        "精确定位参考（里距/现代村镇）": "在今新疆库尔勒市北山峡中，谭图铁门关附近",
        "道（十五道）": "陇右道",
        "府州": "安西都护府",
        "县": "渠黎都督府",
        "精度": "1",
        "资料出处": "《全唐诗》卷二〇〇岑参",
        "驿路名（如果有的话）": "",
        "始建年（仅录唐五代）": "",
        "备注": "",
        "是否为馆驿": "",
        "引用台湾图数据出处": "2.0"
      }
    },
    {
      "type": "Feature",
      "geometry": {
        "type": "Point",
        "coordinates": [
          87.918801,
          42.267581
        ]
      },
      "properties": {
        "整理后的馆驿名称": "碛西馆",
        "相对于741年州县位置/大致范围": "天山县",
        "精确定位参考（里距/现代村镇）": "托克逊县库米什镇",
        "道（十五道）": "陇右道",
        "府州": "西州",
        "县": "天山县",
        "精度": "1",
        "资料出处": "《全唐诗》卷二〇〇岑参",
        "驿路名（如果有的话）": "",
        "始建年（仅录唐五代）": "",
        "备注": "",
        "是否为馆驿": "",
        "引用台湾图数据出处": "2.0"
      }
    },
    {
      "type": "Feature",
      "geometry": {
        "type": "Point",
        "coordinates": [
          89.730381,
          42.745837
        ]
      },
      "properties": {
        "整理后的馆驿名称": "柳中驿",
        "相对于741年州县位置/大致范围": "柳中县",
        "精确定位参考（里距/现代村镇）": "今鄯善县鲁克沁镇柳中城遗址",
        "道（十五道）": "陇右道",
        "府州": "西州",
        "县": "柳中县",
        "精度": "1",
        "资料出处": "丝绸之路东中段数据集",
        "驿路名（如果有的话）": "",
        "始建年（仅录唐五代）": "640",
        "备注": "792",
        "是否为馆驿": "",
        "引用台湾图数据出处": ""
      }
    },
    {
      "type": "Feature",
      "geometry": {
        "type": "Point",
        "coordinates": [
          91.508504,
          43.459191
        ]
      },
      "properties": {
        "整理后的馆驿名称": "神泉驿（清泉驿）",
        "相对于741年州县位置/大致范围": "敦煌县",
        "精确定位参考（里距/现代村镇）": "在州东北四十里，去横涧驿二十里。敦煌市郭家堡乡二站古城",
        "道（十五道）": "陇右道",
        "府州": "沙州",
        "县": "敦煌县",
        "精度": "2",
        "资料出处": "沙州都督府图经（罗振玉鸣沙石室佚书本）",
        "驿路名（如果有的话）": "",
        "始建年（仅录唐五代）": "",
        "备注": "",
        "是否为馆驿": "",
        "引用台湾图数据出处": ""
      }
    },
    {
      "type": "Feature",
      "geometry": {
        "type": "Point",
        "coordinates": [
          91.9190902,
          32.86503873
        ]
      },
      "properties": {
        "整理后的馆驿名称": "悉诺罗驿",
        "相对于741年州县位置/大致范围": "",
        "精确定位参考（里距/现代村镇）": "距婆驿五百三十里，谭图有",
        "道（十五道）": "吐蕃",
        "府州": "",
        "县": "",
        "精度": "3",
        "资料出处": "《新唐书》卷四_《地理志四》",
        "驿路名（如果有的话）": "",
        "始建年（仅录唐五代）": "",
        "备注": "",
        "是否为馆驿": "",
        "引用台湾图数据出处": ""
      }
    },
    {
      "type": "Feature",
      "geometry": {
        "type": "Point",
        "coordinates": [
          93.298702,
          31.985756
        ]
      },
      "properties": {
        "整理后的馆驿名称": "鹘莽驿",
        "相对于741年州县位置/大致范围": "",
        "精确定位参考（里距/现代村镇）": "",
        "道（十五道）": "吐蕃",
        "府州": "",
        "县": "",
        "精度": "3",
        "资料出处": "《新唐书》卷四〇《地理志四》",
        "驿路名（如果有的话）": "",
        "始建年（仅录唐五代）": "",
        "备注": "",
        "是否为馆驿": "",
        "引用台湾图数据出处": ""
      }
    },
    {
      "type": "Feature",
      "geometry": {
        "type": "Point",
        "coordinates": [
          94.392852,
          42.175792
        ]
      },
      "properties": {
        "整理后的馆驿名称": "赤崖驿",
        "相对于741年州县位置/大致范围": "伊州伊吾县",
        "精确定位参考（里距/现代村镇）": "伊州区雅满苏镇",
        "道（十五道）": "陇右道",
        "府州": "伊州",
        "县": "伊吾",
        "精度": "1",
        "资料出处": "丝绸之路东中段数据集",
        "驿路名（如果有的话）": "",
        "始建年（仅录唐五代）": "851",
        "备注": "907",
        "是否为馆驿": "",
        "引用台湾图数据出处": ""
      }
    },
    {
      "type": "Feature",
      "geometry": {
        "type": "Point",
        "coordinates": [
          94.646745,
          40.131712
        ]
      },
      "properties": {
        "整理后的馆驿名称": "州城驿",
        "相对于741年州县位置/大致范围": "敦煌县",
        "精确定位参考（里距/现代村镇）": "沙州城东二百步，敦煌市七里镇沙州城遗址",
        "道（十五道）": "陇右道",
        "府州": "沙州",
        "县": "敦煌县",
        "精度": "2",
        "资料出处": "沙州都督府图经（罗振玉鸣沙石室佚书本）",
        "驿路名（如果有的话）": "",
        "始建年（仅录唐五代）": "",
        "备注": "",
        "是否为馆驿": "",
        "引用台湾图数据出处": ""
      }
    },
    {
      "type": "Feature",
      "geometry": {
        "type": "Point",
        "coordinates": [
          94.865063,
          40.408214
        ]
      },
      "properties": {
        "整理后的馆驿名称": "白亭驿",
        "相对于741年州县位置/大致范围": "敦煌县",
        "精确定位参考（里距/现代村镇）": "在沙州东北八十里，东北长亭驿四十里。敦煌市转渠口镇烽燧遗址",
        "道（十五道）": "陇右道",
        "府州": "沙州",
        "县": "敦煌县",
        "精度": "2",
        "资料出处": "沙州都督府图经（罗振玉鸣沙石室佚书本）",
        "驿路名（如果有的话）": "",
        "始建年（仅录唐五代）": "",
        "备注": "",
        "是否为馆驿": "",
        "引用台湾图数据出处": ""
      }
    },
    {
      "type": "Feature",
      "geometry": {
        "type": "Point",
        "coordinates": [
          94.873291,
          40.18866
        ]
      },
      "properties": {
        "整理后的馆驿名称": "东泉驿",
        "相对于741年州县位置/大致范围": "敦煌县",
        "精确定位参考（里距/现代村镇）": "沙州东四十里，东去其头驿二十五里。",
        "道（十五道）": "陇右道",
        "府州": "沙州",
        "县": "敦煌县",
        "精度": "2",
        "资料出处": "沙州都督府图经（罗振玉鸣沙石室佚书本）",
        "驿路名（如果有的话）": "",
        "始建年（仅录唐五代）": "",
        "备注": "",
        "是否为馆驿": "",
        "引用台湾图数据出处": ""
      }
    },
    {
      "type": "Feature",
      "geometry": {
        "type": "Point",
        "coordinates": [
          94.916855,
          40.318056
        ]
      },
      "properties": {
        "整理后的馆驿名称": "横涧驿",
        "相对于741年州县位置/大致范围": "敦煌县",
        "精确定位参考（里距/现代村镇）": "在州东北六十里，北去白亭驿二十里。郭家堡乡咸水沟烽燧遗址",
        "道（十五道）": "陇右道",
        "府州": "沙州",
        "县": "敦煌县",
        "精度": "2",
        "资料出处": "沙州都督府图经（罗振玉鸣沙石室佚书本）",
        "驿路名（如果有的话）": "",
        "始建年（仅录唐五代）": "",
        "备注": "",
        "是否为馆驿": "",
        "引用台湾图数据出处": ""
      }
    },
    {
      "type": "Feature",
      "geometry": {
        "type": "Point",
        "coordinates": [
          95.102559,
          40.481841
        ]
      },
      "properties": {
        "整理后的馆驿名称": "长亭驿",
        "相对于741年州县位置/大致范围": "敦煌县",
        "精确定位参考（里距/现代村镇）": "在沙州东北一百二十里。东去甘草驿二十五里。敦煌市转渠口镇烽燧遗址",
        "道（十五道）": "陇右道",
        "府州": "沙州",
        "县": "敦煌县",
        "精度": "2",
        "资料出处": "沙州都督府图经（罗振玉鸣沙石室佚书本）",
        "驿路名（如果有的话）": "",
        "始建年（仅录唐五代）": "",
        "备注": "",
        "是否为馆驿": "",
        "引用台湾图数据出处": ""
      }
    },
    {
      "type": "Feature",
      "geometry": {
        "type": "Point",
        "coordinates": [
          95.126295,
          40.177575
        ]
      },
      "properties": {
        "整理后的馆驿名称": "其头驿",
        "相对于741年州县位置/大致范围": "敦煌县",
        "精确定位参考（里距/现代村镇）": "沙州东六十五里，东泉驿东二十五里，无穷驿西三十五里，悬泉驿西八十里",
        "道（十五道）": "陇右道",
        "府州": "沙州",
        "县": "敦煌县",
        "精度": "2",
        "资料出处": "沙州都督府图经（罗振玉鸣沙石室佚书本）",
        "驿路名（如果有的话）": "",
        "始建年（仅录唐五代）": "",
        "备注": "",
        "是否为馆驿": "",
        "引用台湾图数据出处": ""
      }
    },
    {
      "type": "Feature",
      "geometry": {
        "type": "Point",
        "coordinates": [
          95.256106,
          40.185425
        ]
      },
      "properties": {
        "整理后的馆驿名称": "无穷驿",
        "相对于741年州县位置/大致范围": "敦煌县",
        "精确定位参考（里距/现代村镇）": "空谷驿西三十里",
        "道（十五道）": "陇右道",
        "府州": "沙州",
        "县": "敦煌县",
        "精度": "2",
        "资料出处": "沙州都督府图经（罗振玉鸣沙石室佚书本）",
        "驿路名（如果有的话）": "",
        "始建年（仅录唐五代）": "",
        "备注": "",
        "是否为馆驿": "",
        "引用台湾图数据出处": ""
      }
    },
    {
      "type": "Feature",
      "geometry": {
        "type": "Point",
        "coordinates": [
          95.284656,
          40.463164
        ]
      },
      "properties": {
        "整理后的馆驿名称": "甘草驿",
        "相对于741年州县位置/大致范围": "敦煌县",
        "精确定位参考（里距/现代村镇）": "在沙州东北一百四十五里，东南去阶亭驿二十五里。",
        "道（十五道）": "陇右道",
        "府州": "沙州",
        "县": "敦煌县",
        "精度": "2",
        "资料出处": "沙州都督府图经（罗振玉鸣沙石室佚书本）",
        "驿路名（如果有的话）": "",
        "始建年（仅录唐五代）": "",
        "备注": "",
        "是否为馆驿": "",
        "引用台湾图数据出处": ""
      }
    },
    {
      "type": "Feature",
      "geometry": {
        "type": "Point",
        "coordinates": [
          95.362568,
          40.220098
        ]
      },
      "properties": {
        "整理后的馆驿名称": "空谷驿",
        "相对于741年州县位置/大致范围": "敦煌县",
        "精确定位参考（里距/现代村镇）": "黄谷驿西四十里",
        "道（十五道）": "陇右道",
        "府州": "沙州",
        "县": "敦煌县",
        "精度": "2",
        "资料出处": "沙州都督府图经（罗振玉鸣沙石室佚书本）",
        "驿路名（如果有的话）": "",
        "始建年（仅录唐五代）": "",
        "备注": "",
        "是否为馆驿": "",
        "引用台湾图数据出处": ""
      }
    },
    {
      "type": "Feature",
      "geometry": {
        "type": "Point",
        "coordinates": [
          95.415567,
          41.069724
        ]
      },
      "properties": {
        "整理后的馆驿名称": "乌山驿",
        "相对于741年州县位置/大致范围": "常乐县",
        "精确定位参考（里距/现代村镇）": "瓜州县柳园镇红柳园遗址",
        "道（十五道）": "陇右道",
        "府州": "瓜州",
        "县": "常乐县",
        "精度": "1",
        "资料出处": "丝绸之路东中段数据集",
        "驿路名（如果有的话）": "",
        "始建年（仅录唐五代）": "691",
        "备注": "776",
        "是否为馆驿": "",
        "引用台湾图数据出处": ""
      }
    },
    {
      "type": "Feature",
      "geometry": {
        "type": "Point",
        "coordinates": [
          95.458595,
          40.399247
        ]
      },
      "properties": {
        "整理后的馆驿名称": "阶亭驿",
        "相对于741年州县位置/大致范围": "敦煌县",
        "精确定位参考（里距/现代村镇）": "在沙州东一百七十里，东去瓜州常乐驿三十里。瓜州乡北路井烽燧遗址",
        "道（十五道）": "陇右道",
        "府州": "沙州",
        "县": "敦煌县",
        "精度": "2",
        "资料出处": "沙州都督府图经（罗振玉鸣沙石室佚书本）",
        "驿路名（如果有的话）": "",
        "始建年（仅录唐五代）": "",
        "备注": "",
        "是否为馆驿": "",
        "引用台湾图数据出处": ""
      }
    },
    {
      "type": "Feature",
      "geometry": {
        "type": "Point",
        "coordinates": [
          95.530157,
          40.297946
        ]
      },
      "properties": {
        "整理后的馆驿名称": "鱼泉驿",
        "相对于741年州县位置/大致范围": "敦煌县",
        "精确定位参考（里距/现代村镇）": "常乐县西南四十五里，南岔镇芦草沟遗址",
        "道（十五道）": "陇右道",
        "府州": "沙州",
        "县": "敦煌县",
        "精度": "2",
        "资料出处": "沙州都督府图经（罗振玉鸣沙石室佚书本）",
        "驿路名（如果有的话）": "",
        "始建年（仅录唐五代）": "",
        "备注": "",
        "是否为馆驿": "",
        "引用台湾图数据出处": ""
      }
    },
    {
      "type": "Feature",
      "geometry": {
        "type": "Point",
        "coordinates": [
          95.598337,
          40.259282
        ]
      },
      "properties": {
        "整理后的馆驿名称": "黄谷驿",
        "相对于741年州县位置/大致范围": "敦煌县",
        "精确定位参考（里距/现代村镇）": "鱼泉驿西二十五里",
        "道（十五道）": "陇右道",
        "府州": "沙州",
        "县": "敦煌县",
        "精度": "2",
        "资料出处": "沙州都督府图经（罗振玉鸣沙石室佚书本）",
        "驿路名（如果有的话）": "",
        "始建年（仅录唐五代）": "",
        "备注": "",
        "是否为馆驿": "",
        "引用台湾图数据出处": ""
      }
    },
    {
      "type": "Feature",
      "geometry": {
        "type": "Point",
        "coordinates": [
          95.598344,
          40.851949
        ]
      },
      "properties": {
        "整理后的馆驿名称": "广显驿",
        "相对于741年州县位置/大致范围": "常乐县",
        "精确定位参考（里距/现代村镇）": "瓜州县柳园镇白墩子，地图上的“红柳园”",
        "道（十五道）": "陇右道",
        "府州": "瓜州",
        "县": "",
        "精度": "1",
        "资料出处": "丝绸之路东中段数据集",
        "驿路名（如果有的话）": "",
        "始建年（仅录唐五代）": "691",
        "备注": "776",
        "是否为馆驿": "",
        "引用台湾图数据出处": ""
      }
    },
    {
      "type": "Feature",
      "geometry": {
        "type": "Point",
        "coordinates": [
          95.600737,
          40.395311
        ]
      },
      "properties": {
        "整理后的馆驿名称": "常乐驿",
        "相对于741年州县位置/大致范围": "敦煌县",
        "精确定位参考（里距/现代村镇）": "今瓜州县南岔镇六工城遗址",
        "道（十五道）": "陇右道",
        "府州": "沙州",
        "县": "瓜州县",
        "精度": "1",
        "资料出处": "丝绸之路东中段数据集",
        "驿路名（如果有的话）": "",
        "始建年（仅录唐五代）": "626-776",
        "备注": "851-907",
        "是否为馆驿": "",
        "引用台湾图数据出处": ""
      }
    },
    {
      "type": "Feature",
      "geometry": {
        "type": "Point",
        "coordinates": [
          95.628332,
          40.503735
        ]
      },
      "properties": {
        "整理后的馆驿名称": "新井驿",
        "相对于741年州县位置/大致范围": "常乐县",
        "精确定位参考（里距/现代村镇）": "瓜州县西湖乡向阳村雷墩子",
        "道（十五道）": "陇右道",
        "府州": "瓜州",
        "县": "常乐县",
        "精度": "1",
        "资料出处": "丝绸之路东中段数据集",
        "驿路名（如果有的话）": "",
        "始建年（仅录唐五代）": "691",
        "备注": "776",
        "是否为馆驿": "",
        "引用台湾图数据出处": ""
      }
    },
    {
      "type": "Feature",
      "geometry": {
        "type": "Point",
        "coordinates": [
          96.921171,
          33.927928
        ]
      },
      "properties": {
        "整理后的馆驿名称": "众龙驿",
        "相对于741年州县位置/大致范围": "",
        "精确定位参考（里距/现代村镇）": "谭图上有",
        "道（十五道）": "吐蕃",
        "府州": "",
        "县": "",
        "精度": "3",
        "资料出处": "《新唐书》卷四〇《地理志四》",
        "驿路名（如果有的话）": "",
        "始建年（仅录唐五代）": "",
        "备注": "",
        "是否为馆驿": "",
        "引用台湾图数据出处": ""
      }
    },
    {
      "type": "Feature",
      "geometry": {
        "type": "Point",
        "coordinates": [
          98.37567064,
          32.32834069
        ]
      },
      "properties": {
        "整理后的馆驿名称": "列驿",
        "相对于741年州县位置/大致范围": "",
        "精确定位参考（里距/现代村镇）": "",
        "道（十五道）": "吐蕃",
        "府州": "",
        "县": "",
        "精度": "3",
        "资料出处": "《新唐书》卷四_《地理志四》",
        "驿路名（如果有的话）": "",
        "始建年（仅录唐五代）": "",
        "备注": "",
        "是否为馆驿": "",
        "引用台湾图数据出处": ""
      }
    },
    {
      "type": "Feature",
      "geometry": {
        "type": "Point",
        "coordinates": [
          99.98124717,
          35.58892816
        ]
      },
      "properties": {
        "整理后的馆驿名称": "那录驿",
        "相对于741年州县位置/大致范围": "",
        "精确定位参考（里距/现代村镇）": "吐蕃界，距大非川二百八十里，在今兴海县子科滩镇",
        "道（十五道）": "吐蕃",
        "府州": "",
        "县": "",
        "精度": "1",
        "资料出处": "《新唐书》卷四_《地理志四》",
        "驿路名（如果有的话）": "",
        "始建年（仅录唐五代）": "",
        "备注": "",
        "是否为馆驿": "",
        "引用台湾图数据出处": ""
      }
    },
    {
      "type": "Feature",
      "geometry": {
        "type": "Point",
        "coordinates": [
          100.0922873,
          31.61293
        ]
      },
      "properties": {
        "整理后的馆驿名称": "婆驿",
        "相对于741年州县位置/大致范围": "",
        "精确定位参考（里距/现代村镇）": "距列驿四百四十里",
        "道（十五道）": "吐蕃",
        "府州": "",
        "县": "",
        "精度": "3",
        "资料出处": "《新唐书》卷四_《地理志四》",
        "驿路名（如果有的话）": "",
        "始建年（仅录唐五代）": "",
        "备注": "",
        "是否为馆驿": "",
        "引用台湾图数据出处": "2.0"
      }
    },
    {
      "type": "Feature",
      "geometry": {
        "type": "Point",
        "coordinates": [
          100.302552,
          25.553793
        ]
      },
      "properties": {
        "整理后的馆驿名称": "渠敛赵馆",
        "相对于741年州县位置/大致范围": "",
        "精确定位参考（里距/现代村镇）": "",
        "道（十五道）": "剑南道",
        "府州": "姚州都督府",
        "县": "",
        "精度": "1",
        "资料出处": "",
        "驿路名（如果有的话）": "",
        "始建年（仅录唐五代）": "",
        "备注": "",
        "是否为馆驿": "",
        "引用台湾图数据出处": ""
      }
    },
    {
      "type": "Feature",
      "geometry": {
        "type": "Point",
        "coordinates": [
          100.577835,
          38.81948
        ]
      },
      "properties": {
        "整理后的馆驿名称": "巩笔驿",
        "相对于741年州县位置/大致范围": "张掖县",
        "精确定位参考（里距/现代村镇）": "甘州西南",
        "道（十五道）": "陇右道",
        "府州": "甘州",
        "县": "张掖县",
        "精度": "2",
        "资料出处": "《旧唐书》卷八《玄宗纪》上",
        "驿路名（如果有的话）": "",
        "始建年（仅录唐五代）": "",
        "备注": "",
        "是否为馆驿": "",
        "引用台湾图数据出处": "1.0"
      }
    },
    {
      "type": "Feature",
      "geometry": {
        "type": "Point",
        "coordinates": [
          100.162967,
          36.358134
        ]
      },
      "properties": {
        "整理后的馆驿名称": "莫离驿",
        "相对于741年州县位置/大致范围": "鄯州振武军",
        "精确定位参考（里距/现代村镇）": "谭图有",
        "道（十五道）": "陇右道",
        "府州": "鄯州",
        "县": "振武军",
        "精度": "1",
        "资料出处": "《新唐书》卷四〇《地理志四》",
        "驿路名（如果有的话）": "",
        "始建年（仅录唐五代）": "",
        "备注": "",
        "是否为馆驿": "",
        "引用台湾图数据出处": "2.0"
      }
    },
    {
      "type": "Feature",
      "geometry": {
        "type": "Point",
        "coordinates": [
          100.731314,
          25.412738
        ]
      },
      "properties": {
        "整理后的馆驿名称": "（云南）驿",
        "相对于741年州县位置/大致范围": "",
        "精确定位参考（里距/现代村镇）": "",
        "道（十五道）": "剑南道",
        "府州": "姚州",
        "县": "",
        "精度": "3",
        "资料出处": "",
        "驿路名（如果有的话）": "",
        "始建年（仅录唐五代）": "",
        "备注": "",
        "是否为馆驿": "",
        "引用台湾图数据出处": "2.0"
      }
    },
    {
      "type": "Feature",
      "geometry": {
        "type": "Point",
        "coordinates": [
          100.896998,
          25.315343
        ]
      },
      "properties": {
        "整理后的馆驿名称": "佉龙驿",
        "相对于741年州县位置/大致范围": "",
        "精确定位参考（里距/现代村镇）": "",
        "道（十五道）": "剑南道",
        "府州": "姚州都督府",
        "县": "",
        "精度": "1",
        "资料出处": "",
        "驿路名（如果有的话）": "",
        "始建年（仅录唐五代）": "",
        "备注": "",
        "是否为馆驿": "",
        "引用台湾图数据出处": ""
      }
    },
    {
      "type": "Feature",
      "geometry": {
        "type": "Point",
        "coordinates": [
          101.115788,
          36.448307
        ]
      },
      "properties": {
        "整理后的馆驿名称": "纥壁驿",
        "相对于741年州县位置/大致范围": "鄯城县",
        "精确定位参考（里距/现代村镇）": "在赤岭东",
        "道（十五道）": "陇右道",
        "府州": "鄯州",
        "县": "鄯城县",
        "精度": "3",
        "资料出处": "《旧唐书》卷一四九《张荐传》",
        "驿路名（如果有的话）": "",
        "始建年（仅录唐五代）": "",
        "备注": "",
        "是否为馆驿": "",
        "引用台湾图数据出处": ""
      }
    },
    {
      "type": "Feature",
      "geometry": {
        "type": "Point",
        "coordinates": [
          101.18417,
          25.57049
        ]
      },
      "properties": {
        "整理后的馆驿名称": "白严驿",
        "相对于741年州县位置/大致范围": "",
        "精确定位参考（里距/现代村镇）": "",
        "道（十五道）": "剑南道",
        "府州": "姚州都督府",
        "县": "",
        "精度": "3",
        "资料出处": "《蛮书》卷1“云南界内途程”",
        "驿路名（如果有的话）": "",
        "始建年（仅录唐五代）": "",
        "备注": "",
        "是否为馆驿": "",
        "引用台湾图数据出处": ""
      }
    },
    {
      "type": "Feature",
      "geometry": {
        "type": "Point",
        "coordinates": [
          101.18417,
          25.57049
        ]
      },
      "properties": {
        "整理后的馆驿名称": "波大驿",
        "相对于741年州县位置/大致范围": "",
        "精确定位参考（里距/现代村镇）": "",
        "道（十五道）": "剑南道",
        "府州": "姚州都督府",
        "县": "",
        "精度": "3",
        "资料出处": "《蛮书》卷1“云南界内途程”",
        "驿路名（如果有的话）": "",
        "始建年（仅录唐五代）": "",
        "备注": "",
        "是否为馆驿": "",
        "引用台湾图数据出处": "2.0"
      }
    },
    {
      "type": "Feature",
      "geometry": {
        "type": "Point",
        "coordinates": [
          101.371542,
          25.616462
        ]
      },
      "properties": {
        "整理后的馆驿名称": "阳褒馆",
        "相对于741年州县位置/大致范围": "",
        "精确定位参考（里距/现代村镇）": "",
        "道（十五道）": "剑南道",
        "府州": "姚州",
        "县": "",
        "精度": "1",
        "资料出处": "",
        "驿路名（如果有的话）": "",
        "始建年（仅录唐五代）": "",
        "备注": "",
        "是否为馆驿": "",
        "引用台湾图数据出处": "2.0"
      }
    },
    {
      "type": "Feature",
      "geometry": {
        "type": "Point",
        "coordinates": [
          101.376137,
          25.133987
        ]
      },
      "properties": {
        "整理后的馆驿名称": "石鼓驿",
        "相对于741年州县位置/大致范围": "",
        "精确定位参考（里距/现代村镇）": "",
        "道（十五道）": "剑南道",
        "府州": "姚州都督府",
        "县": "",
        "精度": "3",
        "资料出处": "《蛮书》卷6“云南城镇”",
        "驿路名（如果有的话）": "",
        "始建年（仅录唐五代）": "",
        "备注": "",
        "是否为馆驿": "",
        "引用台湾图数据出处": "2.0"
      }
    },
    {
      "type": "Feature",
      "geometry": {
        "type": "Point",
        "coordinates": [
          101.535103,
          25.004127
        ]
      },
      "properties": {
        "整理后的馆驿名称": "曲驿",
        "相对于741年州县位置/大致范围": "",
        "精确定位参考（里距/现代村镇）": "",
        "道（十五道）": "剑南道",
        "府州": "姚州都督府",
        "县": "",
        "精度": "3",
        "资料出处": "《蛮书》卷6“云南城镇”",
        "驿路名（如果有的话）": "",
        "始建年（仅录唐五代）": "",
        "备注": "",
        "是否为馆驿": "",
        "引用台湾图数据出处": "2.0"
      }
    },
    {
      "type": "Feature",
      "geometry": {
        "type": "Point",
        "coordinates": [
          101.940356,
          25.158616
        ]
      },
      "properties": {
        "整理后的馆驿名称": "沙雌馆",
        "相对于741年州县位置/大致范围": "",
        "精确定位参考（里距/现代村镇）": "",
        "道（十五道）": "剑南道",
        "府州": "姚州",
        "县": "",
        "精度": "1",
        "资料出处": "",
        "驿路名（如果有的话）": "",
        "始建年（仅录唐五代）": "",
        "备注": "",
        "是否为馆驿": "",
        "引用台湾图数据出处": "1.0"
      }
    },
    {
      "type": "Feature",
      "geometry": {
        "type": "Point",
        "coordinates": [
          102.25595,
          27.089867
        ]
      },
      "properties": {
        "整理后的馆驿名称": "俄准添馆",
        "相对于741年州县位置/大致范围": "",
        "精确定位参考（里距/现代村镇）": "",
        "道（十五道）": "剑南道",
        "府州": "嶲州",
        "县": "",
        "精度": "1",
        "资料出处": "",
        "驿路名（如果有的话）": "",
        "始建年（仅录唐五代）": "",
        "备注": "",
        "是否为馆驿": "",
        "引用台湾图数据出处": "2.0"
      }
    },
    {
      "type": "Feature",
      "geometry": {
        "type": "Point",
        "coordinates": [
          102.256862,
          28.278802
        ]
      },
      "properties": {
        "整理后的馆驿名称": "平乐驿",
        "相对于741年州县位置/大致范围": "",
        "精确定位参考（里距/现代村镇）": "",
        "道（十五道）": "剑南道",
        "府州": "嶲州",
        "县": "",
        "精度": "3",
        "资料出处": "《蛮书》卷1“云南界内途程”",
        "驿路名（如果有的话）": "",
        "始建年（仅录唐五代）": "",
        "备注": "",
        "是否为馆驿": "",
        "引用台湾图数据出处": "1.0"
      }
    },
    {
      "type": "Feature",
      "geometry": {
        "type": "Point",
        "coordinates": [
          102.262768,
          26.974418
        ]
      },
      "properties": {
        "整理后的馆驿名称": "菁口驿",
        "相对于741年州县位置/大致范围": "",
        "精确定位参考（里距/现代村镇）": "",
        "道（十五道）": "剑南道",
        "府州": "嶲州",
        "县": "",
        "精度": "3",
        "资料出处": "《蛮书》卷1“云南界内途程”：從巂州俄淮嶺七十里至菁口驛，三十里至芘驛。",
        "驿路名（如果有的话）": "",
        "始建年（仅录唐五代）": "",
        "备注": "",
        "是否为馆驿": "",
        "引用台湾图数据出处": "1.0"
      }
    },
    {
      "type": "Feature",
      "geometry": {
        "type": "Point",
        "coordinates": [
          102.276202,
          26.880381
        ]
      },
      "properties": {
        "整理后的馆驿名称": "芘驿",
        "相对于741年州县位置/大致范围": "",
        "精确定位参考（里距/现代村镇）": "",
        "道（十五道）": "剑南道",
        "府州": "巂州",
        "县": "",
        "精度": "3",
        "资料出处": "《蛮书》卷1“云南界内途程”：從巂州俄淮嶺七十里至菁口驛，三十里至芘驛",
        "驿路名（如果有的话）": "",
        "始建年（仅录唐五代）": "",
        "备注": "",
        "是否为馆驿": "",
        "引用台湾图数据出处": "2.0"
      }
    },
    {
      "type": "Feature",
      "geometry": {
        "type": "Point",
        "coordinates": [
          102.469028,
          24.894129
        ]
      },
      "properties": {
        "整理后的馆驿名称": "（未知名）驿",
        "相对于741年州县位置/大致范围": "",
        "精确定位参考（里距/现代村镇）": "",
        "道（十五道）": "剑南道",
        "府州": "姚州",
        "县": "",
        "精度": "3",
        "资料出处": "",
        "驿路名（如果有的话）": "",
        "始建年（仅录唐五代）": "",
        "备注": "",
        "是否为馆驿": "",
        "引用台湾图数据出处": "2.0"
      }
    },
    {
      "type": "Feature",
      "geometry": {
        "type": "Point",
        "coordinates": [
          102.56914,
          28.806712
        ]
      },
      "properties": {
        "整理后的馆驿名称": "达士驿",
        "相对于741年州县位置/大致范围": "",
        "精确定位参考（里距/现代村镇）": "",
        "道（十五道）": "剑南道",
        "府州": "黎州",
        "县": "",
        "精度": "3",
        "资料出处": "《蛮书》卷1“云南界内途程”",
        "驿路名（如果有的话）": "",
        "始建年（仅录唐五代）": "",
        "备注": "",
        "是否为馆驿": "",
        "引用台湾图数据出处": "1.0"
      }
    },
    {
      "type": "Feature",
      "geometry": {
        "type": "Point",
        "coordinates": [
          102.632963,
          29.23843
        ]
      },
      "properties": {
        "整理后的馆驿名称": "望星驿",
        "相对于741年州县位置/大致范围": "",
        "精确定位参考（里距/现代村镇）": "",
        "道（十五道）": "剑南道",
        "府州": "黎州",
        "县": "",
        "精度": "3",
        "资料出处": "《蛮书》卷1“云南界内途程”",
        "驿路名（如果有的话）": "",
        "始建年（仅录唐五代）": "",
        "备注": "",
        "是否为馆驿": "",
        "引用台湾图数据出处": ""
      }
    },
    {
      "type": "Feature",
      "geometry": {
        "type": "Point",
        "coordinates": [
          102.6565,
          29.3768
        ]
      },
      "properties": {
        "整理后的馆驿名称": "白土驿",
        "相对于741年州县位置/大致范围": "距唐代汉源县10里（应在汉源县南）",
        "精确定位参考（里距/现代村镇）": "",
        "道（十五道）": "剑南道",
        "府州": "黎州",
        "县": "汉源县",
        "精度": "2",
        "资料出处": "《蛮书》卷1“云南界内途程”：至白土驛三十五里（過漢源縣十里）",
        "驿路名（如果有的话）": "",
        "始建年（仅录唐五代）": "",
        "备注": "",
        "是否为馆驿": "",
        "引用台湾图数据出处": "1.0"
      }
    },
    {
      "type": "Feature",
      "geometry": {
        "type": "Point",
        "coordinates": [
          102.710005,
          24.710213
        ]
      },
      "properties": {
        "整理后的馆驿名称": "普宁驿",
        "相对于741年州县位置/大致范围": "",
        "精确定位参考（里距/现代村镇）": "",
        "道（十五道）": "剑南道",
        "府州": "姚州",
        "县": "",
        "精度": "1",
        "资料出处": "",
        "驿路名（如果有的话）": "",
        "始建年（仅录唐五代）": "",
        "备注": "",
        "是否为馆驿": "1.0",
        "引用台湾图数据出处": "1.0"
      }
    },
    {
      "type": "Feature",
      "geometry": {
        "type": "Point",
        "coordinates": [
          102.766496,
          32.109638
        ]
      },
      "properties": {
        "整理后的馆驿名称": "白崖驿",
        "相对于741年州县位置/大致范围": "",
        "精确定位参考（里距/现代村镇）": "",
        "道（十五道）": "吐蕃",
        "府州": "吐蕃",
        "县": "",
        "精度": "1",
        "资料出处": "",
        "驿路名（如果有的话）": "",
        "始建年（仅录唐五代）": "",
        "备注": "",
        "是否为馆驿": "",
        "引用台湾图数据出处": "1.0"
      }
    },
    {
      "type": "Feature",
      "geometry": {
        "type": "Point",
        "coordinates": [
          102.789631,
          23.931983
        ]
      },
      "properties": {
        "整理后的馆驿名称": "曲江馆",
        "相对于741年州县位置/大致范围": "",
        "精确定位参考（里距/现代村镇）": "",
        "道（十五道）": "剑南道",
        "府州": "戎州",
        "县": "",
        "精度": "1",
        "资料出处": "",
        "驿路名（如果有的话）": "",
        "始建年（仅录唐五代）": "",
        "备注": "",
        "是否为馆驿": "",
        "引用台湾图数据出处": "2.0"
      }
    },
    {
      "type": "Feature",
      "geometry": {
        "type": "Point",
        "coordinates": [
          102.899197,
          29.785486
        ]
      },
      "properties": {
        "整理后的馆驿名称": "南道驿",
        "相对于741年州县位置/大致范围": "",
        "精确定位参考（里距/现代村镇）": "",
        "道（十五道）": "剑南道",
        "府州": "雅州",
        "县": "荣经县",
        "精度": "3",
        "资料出处": "《蛮书》卷1“云南界内途程”",
        "驿路名（如果有的话）": "",
        "始建年（仅录唐五代）": "",
        "备注": "",
        "是否为馆驿": "1.0",
        "引用台湾图数据出处": "1.0"
      }
    },
    {
      "type": "Feature",
      "geometry": {
        "type": "Point",
        "coordinates": [
          102.914884,
          23.196727
        ]
      },
      "properties": {
        "整理后的馆驿名称": "步头",
        "相对于741年州县位置/大致范围": "",
        "精确定位参考（里距/现代村镇）": "",
        "道（十五道）": "剑南道",
        "府州": "戎州",
        "县": "",
        "精度": "3",
        "资料出处": "",
        "驿路名（如果有的话）": "",
        "始建年（仅录唐五代）": "",
        "备注": "",
        "是否为馆驿": "",
        "引用台湾图数据出处": "2.0"
      }
    },
    {
      "type": "Feature",
      "geometry": {
        "type": "Point",
        "coordinates": [
          103.322254,
          30.177543
        ]
      },
      "properties": {
        "整理后的馆驿名称": "百丈驿",
        "相对于741年州县位置/大致范围": "",
        "精确定位参考（里距/现代村镇）": "",
        "道（十五道）": "剑南道",
        "府州": "雅州",
        "县": "百丈县",
        "精度": "3",
        "资料出处": "《蛮书》卷1“云南界内途程”",
        "驿路名（如果有的话）": "",
        "始建年（仅录唐五代）": "",
        "备注": "",
        "是否为馆驿": "",
        "引用台湾图数据出处": "2.0"
      }
    },
    {
      "type": "Feature",
      "geometry": {
        "type": "Point",
        "coordinates": [
          103.455371,
          30.398189
        ]
      },
      "properties": {
        "整理后的馆驿名称": "临邛驿",
        "相对于741年州县位置/大致范围": "",
        "精确定位参考（里距/现代村镇）": "",
        "道（十五道）": "剑南道",
        "府州": "邛州",
        "县": "临邛县",
        "精度": "3",
        "资料出处": "《蛮书》卷1“云南界内途程”",
        "驿路名（如果有的话）": "",
        "始建年（仅录唐五代）": "",
        "备注": "",
        "是否为馆驿": "",
        "引用台湾图数据出处": ""
      }
    },
    {
      "type": "Feature",
      "geometry": {
        "type": "Point",
        "coordinates": [
          103.476484,
          30.070737
        ]
      },
      "properties": {
        "整理后的馆驿名称": "洪川驿",
        "相对于741年州县位置/大致范围": "",
        "精确定位参考（里距/现代村镇）": "",
        "道（十五道）": "剑南道",
        "府州": "眉州",
        "县": "丹棱县",
        "精度": "3",
        "资料出处": "《眉山诗集》卷3《题洪川驿》；《乾隆丹棱县志》卷11",
        "驿路名（如果有的话）": "",
        "始建年（仅录唐五代）": "",
        "备注": "",
        "是否为馆驿": "",
        "引用台湾图数据出处": "2.0"
      }
    },
    {
      "type": "Feature",
      "geometry": {
        "type": "Point",
        "coordinates": [
          103.822876,
          36.062816
        ]
      },
      "properties": {
        "整理后的馆驿名称": "临河驿",
        "相对于741年州县位置/大致范围": "金城县",
        "精确定位参考（里距/现代村镇）": "",
        "道（十五道）": "陇右道",
        "府州": "兰州",
        "县": "金城县",
        "精度": "2",
        "资料出处": "岑参有题金城临河驿楼诗（全唐诗三函八册参集）",
        "驿路名（如果有的话）": "",
        "始建年（仅录唐五代）": "",
        "备注": "",
        "是否为馆驿": "",
        "引用台湾图数据出处": ""
      }
    },
    {
      "type": "Feature",
      "geometry": {
        "type": "Point",
        "coordinates": [
          103.766853,
          29.637741
        ]
      },
      "properties": {
        "整理后的馆驿名称": "开峡驿",
        "相对于741年州县位置/大致范围": "唐平羌县城",
        "精确定位参考（里距/现代村镇）": "",
        "道（十五道）": "剑南道",
        "府州": "嘉州",
        "县": "平羌县",
        "精度": "1",
        "资料出处": "《太平寰宇记》卷74《嘉州》：平羌縣，北三十里。舊四鄉，今五鄉。本漢平羌戍，在榮州應靈縣界深谷戍是也。周保定元年置平羌縣，因平羌山爲名，屬平羌郡。隋開皇三年罷郡，以縣屬嘉州。仁壽元年，獠叛，大業七年移就大江。寶曆二年又移于開峽驛，去舊縣一十五里。",
        "驿路名（如果有的话）": "",
        "始建年（仅录唐五代）": "",
        "备注": "",
        "是否为馆驿": "",
        "引用台湾图数据出处": "2.0"
      }
    },
    {
      "type": "Feature",
      "geometry": {
        "type": "Point",
        "coordinates": [
          103.832839,
          30.385425
        ]
      },
      "properties": {
        "整理后的馆驿名称": "三江驿",
        "相对于741年州县位置/大致范围": "",
        "精确定位参考（里距/现代村镇）": "",
        "道（十五道）": "剑南道",
        "府州": "蜀州",
        "县": "新津县",
        "精度": "3",
        "资料出处": "《蛮书》卷1“云南界内途程”",
        "驿路名（如果有的话）": "",
        "始建年（仅录唐五代）": "",
        "备注": "",
        "是否为馆驿": "",
        "引用台湾图数据出处": "2.0"
      }
    },
    {
      "type": "Feature",
      "geometry": {
        "type": "Point",
        "coordinates": [
          103.993269,
          29.140457
        ]
      },
      "properties": {
        "整理后的馆驿名称": "清（青）溪驿",
        "相对于741年州县位置/大致范围": "",
        "精确定位参考（里距/现代村镇）": "",
        "道（十五道）": "剑南道",
        "府州": "嘉州",
        "县": "犍为县",
        "精度": "3",
        "资料出处": "《杜诗详注》卷14《宿青溪驛奉懷張員外十五兄之緒》；《輿地紀勝》卷146嘉州：青溪驛，在嘉州犍爲縣",
        "驿路名（如果有的话）": "",
        "始建年（仅录唐五代）": "",
        "备注": "",
        "是否为馆驿": "",
        "引用台湾图数据出处": ""
      }
    },
    {
      "type": "Feature",
      "geometry": {
        "type": "Point",
        "coordinates": [
          104.0482088,
          30.50405582
        ]
      },
      "properties": {
        "整理后的馆驿名称": "二江驿",
        "相对于741年州县位置/大致范围": "距唐代益州40里（应在成都南）",
        "精确定位参考（里距/现代村镇）": "",
        "道（十五道）": "剑南道",
        "府州": "益州",
        "县": "双流县",
        "精度": "1",
        "资料出处": "《蛮书》卷1“云南界内途程”：_府城至_流_二江_四十里。",
        "驿路名（如果有的话）": "",
        "始建年（仅录唐五代）": "",
        "备注": "",
        "是否为馆驿": "",
        "引用台湾图数据出处": ""
      }
    },
    {
      "type": "Feature",
      "geometry": {
        "type": "Point",
        "coordinates": [
          104.115445,
          35.215152
        ]
      },
      "properties": {
        "整理后的馆驿名称": "武阶驿",
        "相对于741年州县位置/大致范围": "渭源县",
        "精确定位参考（里距/现代村镇）": "定西市临洮县窑店镇",
        "道（十五道）": "陇右道",
        "府州": "渭州",
        "县": "渭源县",
        "精度": "1",
        "资料出处": "《旧唐书》卷一九六上《吐蕃传上》",
        "驿路名（如果有的话）": "",
        "始建年（仅录唐五代）": "",
        "备注": "763",
        "是否为馆驿": "",
        "引用台湾图数据出处": ""
      }
    },
    {
      "type": "Feature",
      "geometry": {
        "type": "Point",
        "coordinates": [
          104.1069,
          30.8
        ]
      },
      "properties": {
        "整理后的馆驿名称": "沱江驿（天回驿）",
        "相对于741年州县位置/大致范围": "胡三省注距成都30里（应在成都北）",
        "精确定位参考（里距/现代村镇）": "",
        "道（十五道）": "剑南道",
        "府州": "益州",
        "县": "新繁县",
        "精度": "1",
        "资料出处": "《资治通鑑》卷252《唐纪68》：威進軍沱江驛，沱江驛，在成都府新繁縣。禹貢，岷山導江，別爲沱。沱，徒河翻。距成都三十里，《云溪友议》卷4：至天回驿，去府城三十里；《蜀梼杌》卷上",
        "驿路名（如果有的话）": "",
        "始建年（仅录唐五代）": "",
        "备注": "",
        "是否为馆驿": "",
        "引用台湾图数据出处": "2.0"
      }
    },
    {
      "type": "Feature",
      "geometry": {
        "type": "Point",
        "coordinates": [
          104.237516,
          34.835481
        ]
      },
      "properties": {
        "整理后的馆驿名称": "三交驿",
        "相对于741年州县位置/大致范围": "",
        "精确定位参考（里距/现代村镇）": "今三岔镇，在鄣县西七十里",
        "道（十五道）": "都畿道",
        "府州": "京兆府",
        "县": "盩厔县",
        "精度": "3",
        "资料出处": "《长安志》卷18《盩厔》：三交驛至林關驛四十五里。；《法苑珠林》卷39",
        "驿路名（如果有的话）": "",
        "始建年（仅录唐五代）": "",
        "备注": "",
        "是否为馆驿": "",
        "引用台湾图数据出处": ""
      }
    },
    {
      "type": "Feature",
      "geometry": {
        "type": "Point",
        "coordinates": [
          104.170245,
          30.935609
        ]
      },
      "properties": {
        "整理后的馆驿名称": "两女驿",
        "相对于741年州县位置/大致范围": "",
        "精确定位参考（里距/现代村镇）": "",
        "道（十五道）": "剑南道",
        "府州": "汉州",
        "县": "雒县",
        "精度": "3",
        "资料出处": "《法苑珠林》卷38：至雒县大石寺塔所，敬事已讫，欲往成都，宿两女驿。",
        "驿路名（如果有的话）": "",
        "始建年（仅录唐五代）": "",
        "备注": "",
        "是否为馆驿": "",
        "引用台湾图数据出处": ""
      }
    },
    {
      "type": "Feature",
      "geometry": {
        "type": "Point",
        "coordinates": [
          104.28307,
          30.98131
        ]
      },
      "properties": {
        "整理后的馆驿名称": "汉州某驿（不知详名）",
        "相对于741年州县位置/大致范围": "应在唐代汉州州治",
        "精确定位参考（里距/现代村镇）": "",
        "道（十五道）": "剑南道",
        "府州": "汉州",
        "县": "雒县",
        "精度": "1",
        "资料出处": "《太平广记》卷335《章仇兼瓊》：遂行。至漢州。入驛。墮馬身死。獨心上微煖。彭州刺史李先令洛陽尉馬某。送藥酒罨藥兼起居。洛陽去漢州五十里。奉命便行。至漢州入驛。到兼瓊所。忽然顚倒而卒。後兼瓊乃蘇。",
        "驿路名（如果有的话）": "",
        "始建年（仅录唐五代）": "",
        "备注": "",
        "是否为馆驿": "",
        "引用台湾图数据出处": "2.0"
      }
    },
    {
      "type": "Feature",
      "geometry": {
        "type": "Point",
        "coordinates": [
          104.316072,
          30.959833
        ]
      },
      "properties": {
        "整理后的馆驿名称": "金雁驿",
        "相对于741年州县位置/大致范围": "",
        "精确定位参考（里距/现代村镇）": "",
        "道（十五道）": "剑南道",
        "府州": "汉州",
        "县": "",
        "精度": "3",
        "资料出处": "《才调集》卷3《汉州》：北侬初到汉州城，郭邑楼台触目惊。松桂影中旌旆色，芰荷风里管弦声。人心不似经离乱，时运还应却太平。十日醉眠金雁驿，临歧无恨脸波横。",
        "驿路名（如果有的话）": "",
        "始建年（仅录唐五代）": "",
        "备注": "",
        "是否为馆驿": "",
        "引用台湾图数据出处": "2.0"
      }
    },
    {
      "type": "Feature",
      "geometry": {
        "type": "Point",
        "coordinates": [
          104.491732,
          31.270993
        ]
      },
      "properties": {
        "整理后的馆驿名称": "万安驿",
        "相对于741年州县位置/大致范围": "",
        "精确定位参考（里距/现代村镇）": "",
        "道（十五道）": "剑南道",
        "府州": "绵州",
        "县": "",
        "精度": "3",
        "资料出处": "",
        "驿路名（如果有的话）": "",
        "始建年（仅录唐五代）": "",
        "备注": "",
        "是否为馆驿": "",
        "引用台湾图数据出处": ""
      }
    },
    {
      "type": "Feature",
      "geometry": {
        "type": "Point",
        "coordinates": [
          104.503815,
          31.304432
        ]
      },
      "properties": {
        "整理后的馆驿名称": "罗江驿",
        "相对于741年州县位置/大致范围": "",
        "精确定位参考（里距/现代村镇）": "",
        "道（十五道）": "剑南道",
        "府州": "绵州",
        "县": "万安县",
        "精度": "3",
        "资料出处": "《全唐诗》卷672罗彦谦《罗江驿》；《陆游全集校注》卷3《羅江驛翠望亭讀宋景文公詩》；《太平寰宇记》卷83《绵州》：羅江縣，西南七十八里。舊二十鄉，〔二八〕今十鄉。本涪縣地，晉于梓潼水尾萬安故城置萬安縣。晉末亂，移就潺亭，今縣城是也。梁置萬安郡。隋開皇二年廢郡爲縣。唐天寶元年改爲羅江縣。水經注云：“潺山石下有泉，曰潺水。”今縣北三里有潺亭廟，有碑，磨滅，“潺亭”之字存。",
        "驿路名（如果有的话）": "",
        "始建年（仅录唐五代）": "",
        "备注": "",
        "是否为馆驿": "",
        "引用台湾图数据出处": ""
      }
    },
    {
      "type": "Feature",
      "geometry": {
        "type": "Point",
        "coordinates": [
          104.607478,
          28.756193
        ]
      },
      "properties": {
        "整理后的馆驿名称": "晋宁驿",
        "相对于741年州县位置/大致范围": "",
        "精确定位参考（里距/现代村镇）": "",
        "道（十五道）": "剑南道",
        "府州": "戎州",
        "县": "",
        "精度": "3",
        "资料出处": "《新唐书》卷43《地理志》",
        "驿路名（如果有的话）": "",
        "始建年（仅录唐五代）": "",
        "备注": "",
        "是否为馆驿": "",
        "引用台湾图数据出处": ""
      }
    },
    {
      "type": "Feature",
      "geometry": {
        "type": "Point",
        "coordinates": [
          104.747003,
          31.471688
        ]
      },
      "properties": {
        "整理后的馆驿名称": "奉济驿",
        "相对于741年州县位置/大致范围": "距宋代绵州30里",
        "精确定位参考（里距/现代村镇）": "",
        "道（十五道）": "剑南道",
        "府州": "绵州",
        "县": "",
        "精度": "1",
        "资料出处": "《杜诗详注》卷11《奉濟驛重送嚴公四韻》，宋人郭知达注在距绵州30里",
        "驿路名（如果有的话）": "",
        "始建年（仅录唐五代）": "",
        "备注": "",
        "是否为馆驿": "",
        "引用台湾图数据出处": ""
      }
    },
    {
      "type": "Feature",
      "geometry": {
        "type": "Point",
        "coordinates": [
          104.76017,
          31.476259
        ]
      },
      "properties": {
        "整理后的馆驿名称": "钟阳驿（巴西驿）",
        "相对于741年州县位置/大致范围": "巴西县",
        "精确定位参考（里距/现代村镇）": "长安至鄠县道中",
        "道（十五道）": "剑南道",
        "府州": "绵州",
        "县": "巴西县",
        "精度": "2",
        "资料出处": "卢照邻《奉使益州至长安发钟阳驿》（全唐诗一函九册）",
        "驿路名（如果有的话）": "",
        "始建年（仅录唐五代）": "",
        "备注": "",
        "是否为馆驿": "",
        "引用台湾图数据出处": ""
      }
    },
    {
      "type": "Feature",
      "geometry": {
        "type": "Point",
        "coordinates": [
          104.91336,
          33.39463
        ]
      },
      "properties": {
        "整理后的馆驿名称": "槐林驿",
        "相对于741年州县位置/大致范围": "虢县西",
        "精确定位参考（里距/现代村镇）": "",
        "道（十五道）": "京畿道",
        "府州": "岐州",
        "县": "虢县",
        "精度": "2",
        "资料出处": "《北梦琐言》",
        "驿路名（如果有的话）": "",
        "始建年（仅录唐五代）": "",
        "备注": "",
        "是否为馆驿": "",
        "引用台湾图数据出处": "2.0"
      }
    },
    {
      "type": "Feature",
      "geometry": {
        "type": "Point",
        "coordinates": [
          105.034539,
          31.085656
        ]
      },
      "properties": {
        "整理后的馆驿名称": "庆瑞驿",
        "相对于741年州县位置/大致范围": "",
        "精确定位参考（里距/现代村镇）": "",
        "道（十五道）": "剑南道",
        "府州": "梓州",
        "县": "",
        "精度": "3",
        "资料出处": "《舆地纪胜》卷154《潼川府》：慶瑞驛唐肅宗時建。有樹連理。",
        "驿路名（如果有的话）": "",
        "始建年（仅录唐五代）": "",
        "备注": "",
        "是否为馆驿": "",
        "引用台湾图数据出处": ""
      }
    },
    {
      "type": "Feature",
      "geometry": {
        "type": "Point",
        "coordinates": [
          105.089134,
          30.766138
        ]
      },
      "properties": {
        "整理后的馆驿名称": "梓州某驿（不知详名）",
        "相对于741年州县位置/大致范围": "应在唐代梓州州治",
        "精确定位参考（里距/现代村镇）": "",
        "道（十五道）": "剑南道",
        "府州": "梓州",
        "县": "郪县",
        "精度": "1",
        "资料出处": "《资治通鉴》卷276《后唐纪五》：至梓州，東川節度治梓州。董璋置宴召之，日中不往，方擁妓酣飮。妓，渠綺翻。璋怒，從卒徒執兵入驛，立仁矩於階下而詬之曰：“公但聞西川斬李客省，詬，古候翻，又許侯翻。李客省，謂李嚴也。斬李嚴見上卷二年。謂我獨不能邪！”仁矩流涕拜請，僅而得免。",
        "驿路名（如果有的话）": "",
        "始建年（仅录唐五代）": "",
        "备注": "",
        "是否为馆驿": "",
        "引用台湾图数据出处": ""
      }
    },
    {
      "type": "Feature",
      "geometry": {
        "type": "Point",
        "coordinates": [
          105.1567117,
          31.86224398
        ]
      },
      "properties": {
        "整理后的馆驿名称": "上亭驿（宋人）",
        "相对于741年州县位置/大致范围": "梓潼、武连县界，距宋代剑州武连县西40里（武连县南）",
        "精确定位参考（里距/现代村镇）": "",
        "道（十五道）": "剑南道",
        "府州": "剑州",
        "县": "梓潼县/武连县",
        "精度": "1",
        "资料出处": "《方舆胜览》卷67《隆庆府》：上亭_在梓潼、武_二_之界。唐明皇幸蜀，___之地，又名琅__。前__什_多；宋《乐全集》卷3《上亭驿》注：在剑州武连县西40里......唐明皇幸蜀至武连县，雨中闻铃，铃声十里传云，感怀命伶人制《雨淋铃》。",
        "驿路名（如果有的话）": "",
        "始建年（仅录唐五代）": "",
        "备注": "",
        "是否为馆驿": "",
        "引用台湾图数据出处": "2.0"
      }
    },
    {
      "type": "Feature",
      "geometry": {
        "type": "Point",
        "coordinates": [
          105.350067,
          30.797382
        ]
      },
      "properties": {
        "整理后的馆驿名称": "通泉驿",
        "相对于741年州县位置/大致范围": "距唐代通泉县15里",
        "精确定位参考（里距/现代村镇）": "",
        "道（十五道）": "剑南道",
        "府州": "梓州",
        "县": "通泉县",
        "精度": "2",
        "资料出处": "《杜诗详注》卷11《通泉驛南去通泉縣十五里山水作》",
        "驿路名（如果有的话）": "",
        "始建年（仅录唐五代）": "",
        "备注": "",
        "是否为馆驿": "",
        "引用台湾图数据出处": ""
      }
    },
    {
      "type": "Feature",
      "geometry": {
        "type": "Point",
        "coordinates": [
          105.55894,
          34.954386
        ]
      },
      "properties": {
        "整理后的馆驿名称": "秦州驿",
        "相对于741年州县位置/大致范围": "成纪县",
        "精确定位参考（里距/现代村镇）": "",
        "道（十五道）": "陇右道",
        "府州": "秦州",
        "县": "成纪县",
        "精度": "3",
        "资料出处": "《五代会要》卷一七",
        "驿路名（如果有的话）": "",
        "始建年（仅录唐五代）": "",
        "备注": "",
        "是否为馆驿": "",
        "引用台湾图数据出处": "2.0"
      }
    },
    {
      "type": "Feature",
      "geometry": {
        "type": "Point",
        "coordinates": [
          105.614523,
          32.22394
        ]
      },
      "properties": {
        "整理后的馆驿名称": "方期驿",
        "相对于741年州县位置/大致范围": "唐剑门县城",
        "精确定位参考（里距/现代村镇）": "",
        "道（十五道）": "剑南道",
        "府州": "剑州",
        "县": "剑门县",
        "精度": "1",
        "资料出处": "《旧唐书》卷41《地理志》：劍門聖曆二年，分普安、永歸、陰平三縣地，於方期驛城置劍門，縣界大劍山，卽梁山也。其北三十里所，有小劍山。大劍山有劍閣道，三十里至劍處，張載刻銘之所。劍山東西二百三十一里。",
        "驿路名（如果有的话）": "金牛道",
        "始建年（仅录唐五代）": "",
        "备注": "",
        "是否为馆驿": "",
        "引用台湾图数据出处": "2.0"
      }
    },
    {
      "type": "Feature",
      "geometry": {
        "type": "Point",
        "coordinates": [
          105.825129,
          29.043293
        ]
      },
      "properties": {
        "整理后的馆驿名称": "牛尾驿",
        "相对于741年州县位置/大致范围": "",
        "精确定位参考（里距/现代村镇）": "",
        "道（十五道）": "山南东道",
        "府州": "渝州",
        "县": "",
        "精度": "3",
        "资料出处": "",
        "驿路名（如果有的话）": "",
        "始建年（仅录唐五代）": "",
        "备注": "",
        "是否为馆驿": "",
        "引用台湾图数据出处": ""
      }
    },
    {
      "type": "Feature",
      "geometry": {
        "type": "Point",
        "coordinates": [
          105.884585,
          32.643624
        ]
      },
      "properties": {
        "整理后的馆驿名称": "筹笔驿",
        "相对于741年州县位置/大致范围": "宋代利州北99里",
        "精确定位参考（里距/现代村镇）": "",
        "道（十五道）": "山南西道",
        "府州": "利州",
        "县": "绵谷县",
        "精度": "1",
        "资料出处": "《杜牧诗集注》卷4《和野人殷潛之題籌筆驛十四韻》；《方輿勝覽》卷66《利州》：籌筆驛在綿谷縣，去州北九十九里。舊傳諸葛武侯出師，嘗駐此。",
        "驿路名（如果有的话）": "金牛道",
        "始建年（仅录唐五代）": "",
        "备注": "",
        "是否为馆驿": "",
        "引用台湾图数据出处": ""
      }
    },
    {
      "type": "Feature",
      "geometry": {
        "type": "Point",
        "coordinates": [
          105.8970225,
          32.66501199
        ]
      },
      "properties": {
        "整理后的馆驿名称": "深渡驿",
        "相对于741年州县位置/大致范围": "利州绵谷县大、小漫天间",
        "精确定位参考（里距/现代村镇）": "",
        "道（十五道）": "山南西道",
        "府州": "利州",
        "县": "绵谷县",
        "精度": "3",
        "资料出处": "《全唐诗》卷87张说《深渡驿》；《资治通鉴》卷273《后唐纪二》：己卯，蜀主至利州，威武_卒奔_，始信唐兵之_。王宗弼、宋光嗣言於蜀主曰：“_川、山南兵力_完，_川_梓、遂_州；山南__元_州。陛下但以大_扼利州，唐人安敢_兵深入！”_之。庚辰，以___道指_使王宗_、王宗_、兼侍中王宗昱_三招_，_兵三_逆_。__兵自_、_至深渡（胡三省注：_，才用翻。深渡在利州_谷_北大漫天、小漫天之_。千里相_，_，之欲翻）皆怨_，曰：“_武___倍於他_，_武___厚事_上年。他_安能__！”",
        "驿路名（如果有的话）": "",
        "始建年（仅录唐五代）": "",
        "备注": "",
        "是否为馆驿": "",
        "引用台湾图数据出处": "2.0"
      }
    },
    {
      "type": "Feature",
      "geometry": {
        "type": "Point",
        "coordinates": [
          105.939976,
          31.70168
        ]
      },
      "properties": {
        "整理后的馆驿名称": "（不知名）驿",
        "相对于741年州县位置/大致范围": "",
        "精确定位参考（里距/现代村镇）": "",
        "道（十五道）": "山南东道",
        "府州": "阆州",
        "县": "",
        "精度": "3",
        "资料出处": "",
        "驿路名（如果有的话）": "",
        "始建年（仅录唐五代）": "",
        "备注": "",
        "是否为馆驿": "",
        "引用台湾图数据出处": ""
      }
    },
    {
      "type": "Feature",
      "geometry": {
        "type": "Point",
        "coordinates": [
          106.103172,
          33.597508
        ]
      },
      "properties": {
        "整理后的馆驿名称": "长举驿（宋人）",
        "相对于741年州县位置/大致范围": "宋代距凤州河池驿50里",
        "精确定位参考（里距/现代村镇）": "",
        "道（十五道）": "山南西道",
        "府州": "凤州",
        "县": "",
        "精度": "2",
        "资料出处": "《丹渊集》卷17《长举驿楼》；明代《雍大记》引宋人雷简夫《新开白水路记》：至和二年冬，利州路转运使主客郎中李虞卿，以蜀道青泥岭旧路高峻，请开白水路，自凤州河池驿至长举驿，五十里有半，以便公私之行。具上未报，即预尽材费以待其可。",
        "驿路名（如果有的话）": "",
        "始建年（仅录唐五代）": "",
        "备注": "",
        "是否为馆驿": "",
        "引用台湾图数据出处": ""
      }
    },
    {
      "type": "Feature",
      "geometry": {
        "type": "Point",
        "coordinates": [
          106.1069807,
          30.84007963
        ]
      },
      "properties": {
        "整理后的馆驿名称": "嘉陵驿",
        "相对于741年州县位置/大致范围": "唐代利州西界",
        "精确定位参考（里距/现代村镇）": "",
        "道（十五道）": "山南西道",
        "府州": "利州",
        "县": "",
        "精度": "3",
        "资料出处": "《新编元稹集·嘉陵驿二首》；《方舆胜览》卷66“利州”：嘉陵_、武元衡_：“悠悠_旆_山川，山_空_雨作_。路半嘉陵_已白，蜀_西更上青天；《羯鼓录》：宰相杜鸿渐亦能之，永泰中，为三州副元帅、西川节度使。至成都，有削杖者在蜀以二鼓杖献，鸿渐得之，示于众曰：此尤物也，当衣衾下收贮积时矣。匠曰：某于脊沟中养者十年。及出蜀，至利州西界，望嘉陵驿，入汉州矣。自蜀南来，始临嘉陵江，有山水境致。",
        "驿路名（如果有的话）": "",
        "始建年（仅录唐五代）": "",
        "备注": "",
        "是否为馆驿": "",
        "引用台湾图数据出处": "2.0"
      }
    },
    {
      "type": "Feature",
      "geometry": {
        "type": "Point",
        "coordinates": [
          106.453388,
          34.912682
        ]
      },
      "properties": {
        "整理后的馆驿名称": "分水驿",
        "相对于741年州县位置/大致范围": "清水县",
        "精确定位参考（里距/现代村镇）": "今张家川回族自治县马鹿乡",
        "道（十五道）": "陇右道",
        "府州": "秦州",
        "县": "清水县",
        "精度": "1",
        "资料出处": "《元和郡县图志》卷三九秦州",
        "驿路名（如果有的话）": "",
        "始建年（仅录唐五代）": "618",
        "备注": "",
        "是否为馆驿": "",
        "引用台湾图数据出处": "2.0"
      }
    },
    {
      "type": "Feature",
      "geometry": {
        "type": "Point",
        "coordinates": [
          106.23502,
          33.161489
        ]
      },
      "properties": {
        "整理后的馆驿名称": "金牛驿",
        "相对于741年州县位置/大致范围": "胡三省注金牛驿在三泉县东60里（据《元和郡县图志》卷22“兴元府”，武德2年设金牛县。又据《元丰九域志》卷8“龙州”可知，宋代金牛县降为镇，且划归三泉县管辖。又据《舆地纪胜》卷191《大安军》载：又移縣於關城倉陌沙水西，即今縣理。《續通典》：唐天寶元年，自今縣西南一百二十里故縣，移於嘉陵江東一里關城倉陌沙水西置，即今縣理也。综上可知，唐代设金牛县，但入入宋降为金牛镇，归三泉县管辖。唐天宝元年三泉县治所向东北移动120里，至宋不变。",
        "精确定位参考（里距/现代村镇）": "",
        "道（十五道）": "山南西道",
        "府州": "梁州",
        "县": "金牛县",
        "精度": "1",
        "资料出处": "《邵氏见闻录》卷20",
        "驿路名（如果有的话）": "金牛道",
        "始建年（仅录唐五代）": "",
        "备注": "",
        "是否为馆驿": "",
        "引用台湾图数据出处": ""
      }
    },
    {
      "type": "Feature",
      "geometry": {
        "type": "Point",
        "coordinates": [
          112.92108,
          28.209832
        ]
      },
      "properties": {
        "整理后的馆驿名称": "金牛驿",
        "相对于741年州县位置/大致范围": "",
        "精确定位参考（里距/现代村镇）": "",
        "道（十五道）": "江南西道",
        "府州": "潭州",
        "县": "长沙县",
        "精度": "3",
        "资料出处": "《独醒杂志》卷9：余居之西，背驿道，有地曰金牛驿，意古之邮亭也。驿傍有长沙王墓，远望如邱阜，故老相传曰：此汉长沙王。",
        "驿路名（如果有的话）": "",
        "始建年（仅录唐五代）": "",
        "备注": "",
        "是否为馆驿": "",
        "引用台湾图数据出处": ""
      }
    },
    {
      "type": "Feature",
      "geometry": {
        "type": "Point",
        "coordinates": [
          106.2926854,
          35.69438196
        ]
      },
      "properties": {
        "整理后的馆驿名称": "乌氏驿",
        "相对于741年州县位置/大致范围": "安定县",
        "精确定位参考（里距/现代村镇）": "泾州东三四十里",
        "道（十五道）": "关内道",
        "府州": "泾州",
        "县": "安定县",
        "精度": "2",
        "资料出处": "旧肃宗纪；旧五六罗艺传；",
        "驿路名（如果有的话）": "长安灵州道",
        "始建年（仅录唐五代）": "",
        "备注": "",
        "是否为馆驿": "",
        "引用台湾图数据出处": ""
      }
    },
    {
      "type": "Feature",
      "geometry": {
        "type": "Point",
        "coordinates": [
          106.3717765,
          33.24960896
        ]
      },
      "properties": {
        "整理后的馆驿名称": "青阳驿",
        "相对于741年州县位置/大致范围": "宋代顺政县东50里",
        "精确定位参考（里距/现代村镇）": "",
        "道（十五道）": "山南西道",
        "府州": "兴州",
        "县": "顺政县",
        "精度": "1",
        "资料出处": "《全唐诗》卷317武元衡《宿青阳驿》；《三朝北盟汇编》：地里驿程：泗州至临淮县六十里，临清至青阳驿八十里，青阳驿至虹县八十里。此青阳驿在淮南；《方舆胜览》卷69《沔州》：青__。在_政__五十里。○石才孺_：“幸蜀奔波_禄_，__夜_有_悲。青_一夕_高_，黼幄千官减盛_。”○“__只_情方昵，__那知_已成。自古覆_循一_，哲王_不玷_明。”",
        "驿路名（如果有的话）": "",
        "始建年（仅录唐五代）": "",
        "备注": "",
        "是否为馆驿": "",
        "引用台湾图数据出处": ""
      }
    },
    {
      "type": "Feature",
      "geometry": {
        "type": "Point",
        "coordinates": [
          106.37928,
          29.27299
        ]
      },
      "properties": {
        "整理后的馆驿名称": "茅坝驿",
        "相对于741年州县位置/大致范围": "",
        "精确定位参考（里距/现代村镇）": "",
        "道（十五道）": "山南西道",
        "府州": "渝州",
        "县": "江津县",
        "精度": "3",
        "资料出处": "《太平寰宇记》卷136“渝州”：江津縣，南一百二十里。依舊十鄉。本漢江州縣，屬巴郡。南齊永明五年，江州縣自郡城移理僰溪口，即今縣理是也。後周閔帝元年于縣理置七門郡，領江州一縣，尋改江州爲江陽縣。隋開皇三年罷郡，移縣入廢郡理，屬渝州；其年改江陽爲江津縣，以斯地在江之津爲名。地志云“江州縣理有茅埧驛”。",
        "驿路名（如果有的话）": "",
        "始建年（仅录唐五代）": "",
        "备注": "",
        "是否为馆驿": "",
        "引用台湾图数据出处": ""
      }
    },
    {
      "type": "Feature",
      "geometry": {
        "type": "Point",
        "coordinates": [
          114.54346,
          35.56445
        ]
      },
      "properties": {
        "整理后的馆驿名称": "白马驿",
        "相对于741年州县位置/大致范围": "白马县城",
        "精确定位参考（里距/现代村镇）": "",
        "道（十五道）": "河南道",
        "府州": "滑州",
        "县": "白马县",
        "精度": "2",
        "资料出处": "《旧唐书》卷二〇下《哀帝纪》",
        "驿路名（如果有的话）": "洛阳东北通相州驿路",
        "始建年（仅录唐五代）": "",
        "备注": "",
        "是否为馆驿": "",
        "引用台湾图数据出处": "2.0"
      }
    },
    {
      "type": "Feature",
      "geometry": {
        "type": "Point",
        "coordinates": [
          106.518054,
          33.283955
        ]
      },
      "properties": {
        "整理后的馆驿名称": "白马驿",
        "相对于741年州县位置/大致范围": "唐西县",
        "精确定位参考（里距/现代村镇）": "",
        "道（十五道）": "山南西道",
        "府州": "梁州",
        "县": "西县",
        "精度": "1",
        "资料出处": "《新编元稹集·汉江笛》：（三月十五日夜，於西縣白馬驛南樓聞笛，悵然，憶得小年曾與從兄長楚寫《漢江聞笛賦》而有懷耳！）小年爲寫游梁賦，最説漢江聞笛愁。今夜聽時在何處？月明西縣驛南樓。",
        "驿路名（如果有的话）": "",
        "始建年（仅录唐五代）": "",
        "备注": "",
        "是否为馆驿": "",
        "引用台湾图数据出处": "2.0"
      }
    },
    {
      "type": "Feature",
      "geometry": {
        "type": "Point",
        "coordinates": [
          106.536457,
          31.206156
        ]
      },
      "properties": {
        "整理后的馆驿名称": "歇马馆",
        "相对于741年州县位置/大致范围": "",
        "精确定位参考（里距/现代村镇）": "",
        "道（十五道）": "山南东道",
        "府州": "蓬州",
        "县": "",
        "精度": "3",
        "资料出处": "",
        "驿路名（如果有的话）": "",
        "始建年（仅录唐五代）": "",
        "备注": "",
        "是否为馆驿": "",
        "引用台湾图数据出处": ""
      }
    },
    {
      "type": "Feature",
      "geometry": {
        "type": "Point",
        "coordinates": [
          106.62294,
          33.94525
        ]
      },
      "properties": {
        "整理后的馆驿名称": "回雪驿",
        "相对于741年州县位置/大致范围": "",
        "精确定位参考（里距/现代村镇）": "",
        "道（十五道）": "山南西道",
        "府州": "凤州/梁州",
        "县": "",
        "精度": "3",
        "资料出处": "《孙樵集》卷1《书褒城驿壁》",
        "驿路名（如果有的话）": "",
        "始建年（仅录唐五代）": "",
        "备注": "",
        "是否为馆驿": "",
        "引用台湾图数据出处": ""
      }
    },
    {
      "type": "Feature",
      "geometry": {
        "type": "Point",
        "coordinates": [
          106.637871,
          31.360567
        ]
      },
      "properties": {
        "整理后的馆驿名称": "芳溪馆",
        "相对于741年州县位置/大致范围": "唐代蓬州西30里",
        "精确定位参考（里距/现代村镇）": "",
        "道（十五道）": "山南西道",
        "府州": "蓬州",
        "县": "",
        "精度": "1",
        "资料出处": "《新编元稹集·感梦》：十月初二日，我行蓬州西。三十里有館，有館名芳溪。",
        "驿路名（如果有的话）": "",
        "始建年（仅录唐五代）": "",
        "备注": "",
        "是否为馆驿": "",
        "引用台湾图数据出处": ""
      }
    },
    {
      "type": "Feature",
      "geometry": {
        "type": "Point",
        "coordinates": [
          106.69404,
          38.8106
        ]
      },
      "properties": {
        "整理后的馆驿名称": "果驿",
        "相对于741年州县位置/大致范围": "灵州",
        "精确定位参考（里距/现代村镇）": "在灵州",
        "道（十五道）": "关内道",
        "府州": "灵州",
        "县": "灵武县",
        "精度": "3",
        "资料出处": "《太平广记》卷一七六引《朝野佥载》",
        "驿路名（如果有的话）": "",
        "始建年（仅录唐五代）": "",
        "备注": "",
        "是否为馆驿": "",
        "引用台湾图数据出处": "2.0"
      }
    },
    {
      "type": "Feature",
      "geometry": {
        "type": "Point",
        "coordinates": [
          106.754216,
          31.84256
        ]
      },
      "properties": {
        "整理后的馆驿名称": "清水驿",
        "相对于741年州县位置/大致范围": "",
        "精确定位参考（里距/现代村镇）": "",
        "道（十五道）": "山南东道",
        "府州": "巴州",
        "县": "",
        "精度": "3",
        "资料出处": "《柳宗元集校注》卷42《清水驛叢竹天水趙云余手種一十二莖》；《读史方舆纪要》卷86：清水驿旧在州南三里，唐置今废。",
        "驿路名（如果有的话）": "",
        "始建年（仅录唐五代）": "",
        "备注": "",
        "是否为馆驿": "",
        "引用台湾图数据出处": "2.0"
      }
    },
    {
      "type": "Feature",
      "geometry": {
        "type": "Point",
        "coordinates": [
          106.818777,
          34.096317
        ]
      },
      "properties": {
        "整理后的馆驿名称": "黄花驿",
        "相对于741年州县位置/大致范围": "",
        "精确定位参考（里距/现代村镇）": "",
        "道（十五道）": "山南西道",
        "府州": "凤州",
        "县": "黄花县",
        "精度": "3",
        "资料出处": "《方舆胜览》卷69《凤州》：黄花驛、唐薛逢詩：“孤戍迢迢蜀路長，鳥鳴山館客思鄉。更看絶頂煙霞外，數樹巖花照夕陽。”○李端送人詩：“黄花西上路何如，青壁連天鴈亦疏。”",
        "驿路名（如果有的话）": "",
        "始建年（仅录唐五代）": "",
        "备注": "",
        "是否为馆驿": "",
        "引用台湾图数据出处": "2.0"
      }
    },
    {
      "type": "Feature",
      "geometry": {
        "type": "Point",
        "coordinates": [
          106.927636,
          34.145303
        ]
      },
      "properties": {
        "整理后的馆驿名称": "遵途驿",
        "相对于741年州县位置/大致范围": "陈仓县",
        "精确定位参考（里距/现代村镇）": "散关北",
        "道（十五道）": "京畿道",
        "府州": "岐州",
        "县": "陈仓县",
        "精度": "2",
        "资料出处": "通鉴二五六光启二年条",
        "驿路名（如果有的话）": "",
        "始建年（仅录唐五代）": "",
        "备注": "",
        "是否为馆驿": "",
        "引用台湾图数据出处": "2.0"
      }
    },
    {
      "type": "Feature",
      "geometry": {
        "type": "Point",
        "coordinates": [
          106.948048,
          32.951935
        ]
      },
      "properties": {
        "整理后的馆驿名称": "鹄鸣驿",
        "相对于741年州县位置/大致范围": "",
        "精确定位参考（里距/现代村镇）": "",
        "道（十五道）": "山南西道",
        "府州": "梁州",
        "县": "",
        "精度": "3",
        "资料出处": "《全唐诗》卷875《淸僧示趙宗儒》：（淸僧居興元鵠鳴驛巴山之隈。有言未嘗不中。宗儒節制興元日。訪之。作兩句詩云云。求其解曰。害風阿師取次語。明年果除。鄭餘慶代其位。）梨花發後杏花初。甸邑南來慶有餘。",
        "驿路名（如果有的话）": "",
        "始建年（仅录唐五代）": "",
        "备注": "",
        "是否为馆驿": "",
        "引用台湾图数据出处": "2.0"
      }
    },
    {
      "type": "Feature",
      "geometry": {
        "type": "Point",
        "coordinates": [
          95.330108,
          40.265126
        ]
      },
      "properties": {
        "整理后的馆驿名称": "悬泉驿（敦煌）",
        "相对于741年州县位置/大致范围": "敦煌县",
        "精确定位参考（里距/现代村镇）": "在山北悬泉谷，悬泉水之东，东去鱼泉驿四十里，西至其头驿八十里，在沙州东一百四十五里。莫高镇悬泉置遗址",
        "道（十五道）": "陇右道",
        "府州": "沙州",
        "县": "敦煌县",
        "精度": "2",
        "资料出处": "沙州都督府图经（罗振玉鸣沙石室佚书本）",
        "驿路名（如果有的话）": "",
        "始建年（仅录唐五代）": "",
        "备注": "",
        "是否为馆驿": "",
        "引用台湾图数据出处": "2.0"
      }
    },
    {
      "type": "Feature",
      "geometry": {
        "type": "Point",
        "coordinates": [
          106.969819,
          33.172375
        ]
      },
      "properties": {
        "整理后的馆驿名称": "褒城驿",
        "相对于741年州县位置/大致范围": "唐褒城县附近",
        "精确定位参考（里距/现代村镇）": "",
        "道（十五道）": "山南西道",
        "府州": "梁州",
        "县": "褒城县",
        "精度": "2",
        "资料出处": "《全唐诗》卷332羊士谔《褒城驿池塘赏月》；元稹《黄明府诗》",
        "驿路名（如果有的话）": "褒斜道",
        "始建年（仅录唐五代）": "",
        "备注": "",
        "是否为馆驿": "",
        "引用台湾图数据出处": ""
      }
    },
    {
      "type": "Feature",
      "geometry": {
        "type": "Point",
        "coordinates": [
          106.9719,
          33.5431
        ]
      },
      "properties": {
        "整理后的馆驿名称": "武休驿",
        "相对于741年州县位置/大致范围": "",
        "精确定位参考（里距/现代村镇）": "",
        "道（十五道）": "山南西道",
        "府州": "凤州",
        "县": "",
        "精度": "3",
        "资料出处": "《宋会要辑稿》：自褒城驿至凤州武休驿其间。",
        "驿路名（如果有的话）": "",
        "始建年（仅录唐五代）": "",
        "备注": "",
        "是否为馆驿": "",
        "引用台湾图数据出处": "2.0"
      }
    },
    {
      "type": "Feature",
      "geometry": {
        "type": "Point",
        "coordinates": [
          106.999756,
          34.245998
        ]
      },
      "properties": {
        "整理后的馆驿名称": "陈仓驿",
        "相对于741年州县位置/大致范围": "陈仓县",
        "精确定位参考（里距/现代村镇）": "石鼻驿西南三十里",
        "道（十五道）": "京畿道",
        "府州": "岐州",
        "县": "陈仓县",
        "精度": "1",
        "资料出处": "《全唐诗》卷六九四褚载",
        "驿路名（如果有的话）": "散关道",
        "始建年（仅录唐五代）": "",
        "备注": "",
        "是否为馆驿": "",
        "引用台湾图数据出处": ""
      }
    },
    {
      "type": "Feature",
      "geometry": {
        "type": "Point",
        "coordinates": [
          107.0538226,
          33.72647077
        ]
      },
      "properties": {
        "整理后的馆驿名称": "青松驿",
        "相对于741年州县位置/大致范围": "",
        "精确定位参考（里距/现代村镇）": "今陕西留坝县江口镇",
        "道（十五道）": "山南西道",
        "府州": "凤州",
        "县": "",
        "精度": "1",
        "资料出处": "《孙樵集》卷4《兴元新路记》；李之勤《唐代的文川道》",
        "驿路名（如果有的话）": "文川路",
        "始建年（仅录唐五代）": "",
        "备注": "",
        "是否为馆驿": "",
        "引用台湾图数据出处": "2.0"
      }
    },
    {
      "type": "Feature",
      "geometry": {
        "type": "Point",
        "coordinates": [
          107.111336,
          34.315396
        ]
      },
      "properties": {
        "整理后的馆驿名称": "石鼻驿",
        "相对于741年州县位置/大致范围": "虢县",
        "精确定位参考（里距/现代村镇）": "凤翔府西南六十里",
        "道（十五道）": "京畿道",
        "府州": "岐州",
        "县": "虢县",
        "精度": "2",
        "资料出处": "《资治通鉴》卷二五六",
        "驿路名（如果有的话）": "",
        "始建年（仅录唐五代）": "",
        "备注": "",
        "是否为馆驿": "",
        "引用台湾图数据出处": ""
      }
    },
    {
      "type": "Feature",
      "geometry": {
        "type": "Point",
        "coordinates": [
          107.14038,
          34.38187
        ]
      },
      "properties": {
        "整理后的馆驿名称": "安途驿",
        "相对于741年州县位置/大致范围": "唐宝鸡县南",
        "精确定位参考（里距/现代村镇）": "",
        "道（十五道）": "关内道",
        "府州": "岐州",
        "县": "宝鸡县",
        "精度": "3",
        "资料出处": "《唐会要》卷61《御史台中》：“寶歷二年二月。鳳翔隴州觀察使上言。當管緣興元新迴斜谷路。創置驛三所。岐山縣南界。置渭陽驛。郿縣北界。置過蜀驛。寶鷄縣南界。置安途驛。其月。山南西道觀察使上言。當道新制斜谷。其中須置館驛。及創驛右界名者三。甘亭館請改爲懸泉驛。駱駝蔫館改爲武興驛。坂下館請改爲右界驛。並可之。”；严耕望《唐代交通图考》卷4：悬泉驿盖在褒城县北九十里之甘亭关，右界驿盖在七盘岭北坂下，南距褒城二十余里，武兴驿盖在悬泉、右界二驿间",
        "驿路名（如果有的话）": "斜谷路",
        "始建年（仅录唐五代）": "",
        "备注": "",
        "是否为馆驿": "",
        "引用台湾图数据出处": ""
      }
    },
    {
      "type": "Feature",
      "geometry": {
        "type": "Point",
        "coordinates": [
          107.1663919,
          33.2094593
        ]
      },
      "properties": {
        "整理后的馆驿名称": "文川驿",
        "相对于741年州县位置/大致范围": "",
        "精确定位参考（里距/现代村镇）": "今陕西城固县文川镇",
        "道（十五道）": "山南西道",
        "府州": "梁州",
        "县": "城固县",
        "精度": "1",
        "资料出处": "《孙樵集》卷4《兴元新路记》；李之勤《唐代的文川道》",
        "驿路名（如果有的话）": "文川路",
        "始建年（仅录唐五代）": "",
        "备注": "",
        "是否为馆驿": "",
        "引用台湾图数据出处": ""
      }
    },
    {
      "type": "Feature",
      "geometry": {
        "type": "Point",
        "coordinates": [
          107.1880795,
          33.41493624
        ]
      },
      "properties": {
        "整理后的馆驿名称": "双溪驿",
        "相对于741年州县位置/大致范围": "",
        "精确定位参考（里距/现代村镇）": "今陕西城固县双溪镇",
        "道（十五道）": "山南西道",
        "府州": "梁州",
        "县": "城固县",
        "精度": "1",
        "资料出处": "《孙樵集》卷4《兴元新路记》；李之勤《唐代的文川道》",
        "驿路名（如果有的话）": "文川道",
        "始建年（仅录唐五代）": "",
        "备注": "",
        "是否为馆驿": "",
        "引用台湾图数据出处": ""
      }
    },
    {
      "type": "Feature",
      "geometry": {
        "type": "Point",
        "coordinates": [
          107.1990944,
          33.93652375
        ]
      },
      "properties": {
        "整理后的馆驿名称": "芝田驿",
        "相对于741年州县位置/大致范围": "",
        "精确定位参考（里距/现代村镇）": "应在今陕西太白县古迹村",
        "道（十五道）": "京畿道",
        "府州": "岐州/凤州",
        "县": "陈仓县",
        "精度": "1",
        "资料出处": "《孙樵集》卷4《兴元新路记》；李之勤《唐代的文川道》",
        "驿路名（如果有的话）": "文川道",
        "始建年（仅录唐五代）": "",
        "备注": "",
        "是否为馆驿": "",
        "引用台湾图数据出处": ""
      }
    },
    {
      "type": "Feature",
      "geometry": {
        "type": "Point",
        "coordinates": [
          107.2168408,
          33.97244032
        ]
      },
      "properties": {
        "整理后的馆驿名称": "白云驿",
        "相对于741年州县位置/大致范围": "",
        "精确定位参考（里距/现代村镇）": "今陕西太白县白云乡",
        "道（十五道）": "京畿道",
        "府州": "岐州/凤州",
        "县": "陈仓县",
        "精度": "1",
        "资料出处": "《唐会要》卷86“道路”：大中三年十一月。山南西道_度使_渥。_翔_度使李_等奏。_道先准_。新_文川谷路。__泉_至白__。共一十所。_每__近。置私客_一所。其__什物_料_乘。_作大_知官。及_道等_修制置_。其斜谷路。_置_五所。平州_一所。___一所。松__一所。___一所。_泉_一所。_已_功_。_旨。蜀_道古今_危。自羊_九曲之_。入_道三巴之外。_限戎隔夷。__要害。而_人御_。常困__。_渥首_厥功。李__成巨_。校_路之_近。_十_之途程。人不__。功已大就。偃__路。__通津。桂_列亭。止於添_。此_通千里之_峻。便三川之往_。__良能。克_寄任。宜依所奏。仍付史_；李之勤《唐代的文川道》",
        "驿路名（如果有的话）": "文川路",
        "始建年（仅录唐五代）": "",
        "备注": "",
        "是否为馆驿": "",
        "引用台湾图数据出处": ""
      }
    },
    {
      "type": "Feature",
      "geometry": {
        "type": "Point",
        "coordinates": [
          107.3097231,
          34.05694962
        ]
      },
      "properties": {
        "整理后的馆驿名称": "平川驿",
        "相对于741年州县位置/大致范围": "",
        "精确定位参考（里距/现代村镇）": "今陕西太白县嘴头镇",
        "道（十五道）": "关中道",
        "府州": "岐州",
        "县": "_县",
        "精度": "1",
        "资料出处": "《孙樵集》卷4《兴元新路记》；李之勤《唐代的文川道》",
        "驿路名（如果有的话）": "斜谷路/文川路",
        "始建年（仅录唐五代）": "",
        "备注": "",
        "是否为馆驿": "",
        "引用台湾图数据出处": ""
      }
    },
    {
      "type": "Feature",
      "geometry": {
        "type": "Point",
        "coordinates": [
          107.382,
          34.52
        ]
      },
      "properties": {
        "整理后的馆驿名称": "灵泉驿",
        "相对于741年州县位置/大致范围": "",
        "精确定位参考（里距/现代村镇）": "",
        "道（十五道）": "关中道",
        "府州": "岐州",
        "县": "",
        "精度": "3",
        "资料出处": "《唐会要》卷86“道路”：大中三年十一月。山南西道節度使鄭渥。鳳翔節度使李玭等奏。當道先准勅。新開文川谷路。從靈泉驛至白雲驛。共一十所。並每驛側近。置私客館一所。其應緣什物糧料遞乘。並作大專知官。及橋道等開修制置畢。其斜谷路。創置驛五所。平州驛一所。連雲驛一所。松嶺驛一所。靈谿驛一所。鳳泉驛一所。並已畢功訖。勅旨。蜀漢道古今敧危。自羊腸九曲之盤。入鳥道三巴之外。雖限戎隔夷。誠爲要害。而勞人御馬。常困險難。鄭渥首創厥功。李玭繼成巨績。校兩路之遠近。減十驛之途程。人不吿勞。功已大就。偃師開路。祇爲通津。桂陽列亭。止於添驛。此則通千里之險峻。便三川之往來。實爲良能。克當寄任。宜依所奏。仍付史館；明《寰宇通志》卷94：凤泉驿在扶风县治东；李之勤《唐代的文川道》。",
        "驿路名（如果有的话）": "斜谷路",
        "始建年（仅录唐五代）": "",
        "备注": "",
        "是否为馆驿": "",
        "引用台湾图数据出处": ""
      }
    },
    {
      "type": "Feature",
      "geometry": {
        "type": "Point",
        "coordinates": [
          107.382829,
          34.521786
        ]
      },
      "properties": {
        "整理后的馆驿名称": "太平馆",
        "相对于741年州县位置/大致范围": "岐州雍城县",
        "精确定位参考（里距/现代村镇）": "凤翔附近",
        "道（十五道）": "京畿道",
        "府州": "岐州",
        "县": "雍城县",
        "精度": "3",
        "资料出处": "《太平广记》卷三三九引《博异记》",
        "驿路名（如果有的话）": "",
        "始建年（仅录唐五代）": "",
        "备注": "",
        "是否为馆驿": "",
        "引用台湾图数据出处": "2.0"
      }
    },
    {
      "type": "Feature",
      "geometry": {
        "type": "Point",
        "coordinates": [
          107.496936,
          31.240819
        ]
      },
      "properties": {
        "整理后的馆驿名称": "丁溪馆",
        "相对于741年州县位置/大致范围": "",
        "精确定位参考（里距/现代村镇）": "",
        "道（十五道）": "山南西道",
        "府州": "通州",
        "县": "通川",
        "精度": "3",
        "资料出处": "",
        "驿路名（如果有的话）": "",
        "始建年（仅录唐五代）": "",
        "备注": "",
        "是否为馆驿": "",
        "引用台湾图数据出处": ""
      }
    },
    {
      "type": "Feature",
      "geometry": {
        "type": "Point",
        "coordinates": [
          107.558935,
          34.060593
        ]
      },
      "properties": {
        "整理后的馆驿名称": "连云驿",
        "相对于741年州县位置/大致范围": "",
        "精确定位参考（里距/现代村镇）": "今陕西太白县桃川镇",
        "道（十五道）": "关中道",
        "府州": "岐州",
        "县": "郿县",
        "精度": "1",
        "资料出处": "《唐会要》卷86“道路”：大中三年十一月。山南西道節度使鄭渥。鳳翔節度使李玭等奏。當道先准勅。新開文川谷路。從靈泉驛至白雲驛。共一十所。並每驛側近。置私客館一所。其應緣什物糧料遞乘。並作大專知官。及橋道等開修制置畢。其斜谷路。創置驛五所。平州驛一所。連雲驛一所。松嶺驛一所。靈谿驛一所。鳳泉驛一所。並已畢功訖。勅旨。蜀漢道古今敧危。自羊腸九曲之盤。入鳥道三巴之外。雖限戎隔夷。誠爲要害。而勞人御馬。常困險難。鄭渥首創厥功。李玭繼成巨績。校兩路之遠近。減十驛之途程。人不吿勞。功已大就。偃師開路。祇爲通津。桂陽列亭。止於添驛。此則通千里之險峻。便三川之往來。實爲良能。克當寄任。宜依所奏。仍付史館；《孙樵集》卷4《兴元新路记》；李之勤《唐代的文川道》",
        "驿路名（如果有的话）": "文川路",
        "始建年（仅录唐五代）": "",
        "备注": "",
        "是否为馆驿": "",
        "引用台湾图数据出处": ""
      }
    },
    {
      "type": "Feature",
      "geometry": {
        "type": "Point",
        "coordinates": [
          107.594424,
          34.314786
        ]
      },
      "properties": {
        "整理后的馆驿名称": "渭阳驿",
        "相对于741年州县位置/大致范围": "岐山县",
        "精确定位参考（里距/现代村镇）": "岐山县南界，补，取虢、郿之间",
        "道（十五道）": "京畿道",
        "府州": "岐州",
        "县": "岐山县",
        "精度": "2",
        "资料出处": "《唐会要》卷61",
        "驿路名（如果有的话）": "新修斜谷路",
        "始建年（仅录唐五代）": "826",
        "备注": "",
        "是否为馆驿": "",
        "引用台湾图数据出处": ""
      }
    },
    {
      "type": "Feature",
      "geometry": {
        "type": "Point",
        "coordinates": [
          107.615333,
          34.445747
        ]
      },
      "properties": {
        "整理后的馆驿名称": "石猪驿",
        "相对于741年州县位置/大致范围": "岐山县",
        "精确定位参考（里距/现代村镇）": "今岐山县凤鸣镇",
        "道（十五道）": "京畿道",
        "府州": "岐州",
        "县": "岐山县",
        "精度": "1",
        "资料出处": "丝绸之路东中段数据集",
        "驿路名（如果有的话）": "",
        "始建年（仅录唐五代）": "618",
        "备注": "907",
        "是否为馆驿": "",
        "引用台湾图数据出处": ""
      }
    },
    {
      "type": "Feature",
      "geometry": {
        "type": "Point",
        "coordinates": [
          107.6321,
          34.3197
        ]
      },
      "properties": {
        "整理后的馆驿名称": "渭阳驿",
        "相对于741年州县位置/大致范围": "唐岐山县南",
        "精确定位参考（里距/现代村镇）": "",
        "道（十五道）": "关内道",
        "府州": "岐州",
        "县": "岐山县",
        "精度": "3",
        "资料出处": "《唐会要》卷61《御史台中》：“寶歷二年二月。鳳翔隴州觀察使上言。當管緣興元新迴斜谷路。創置驛三所。岐山縣南界。置渭陽驛。郿縣北界。置過蜀驛。寶鷄縣南界。置安途驛。其月。山南西道觀察使上言。當道新制斜谷。其中須置館驛。及創驛右界名者三。甘亭館請改爲懸泉驛。駱駝蔫館改爲武興驛。坂下館請改爲右界驛。並可之。”；严耕望《唐代交通图考》卷4：悬泉驿盖在褒城县北九十里之甘亭关，右界驿盖在七盘岭北坂下，南距褒城二十余里，武兴驿盖在悬泉、右界二驿间",
        "驿路名（如果有的话）": "斜谷路",
        "始建年（仅录唐五代）": "",
        "备注": "",
        "是否为馆驿": "",
        "引用台湾图数据出处": ""
      }
    },
    {
      "type": "Feature",
      "geometry": {
        "type": "Point",
        "coordinates": [
          107.6478006,
          34.09478178
        ]
      },
      "properties": {
        "整理后的馆驿名称": "松岭驿",
        "相对于741年州县位置/大致范围": "",
        "精确定位参考（里距/现代村镇）": "今陕西太白县鹦鸽镇",
        "道（十五道）": "关中道",
        "府州": "岐州",
        "县": "陈仓县",
        "精度": "1",
        "资料出处": "《唐会要》卷86“道路”：大中三年十一月。山南西道_度使_渥。_翔_度使李_等奏。_道先准_。新_文川谷路。__泉_至白__。共一十所。_每__近。置私客_一所。其__什物_料_乘。_作大_知官。及_道等_修制置_。其斜谷路。_置_五所。平州_一所。___一所。松__一所。___一所。_泉_一所。_已_功_。_旨。蜀_道古今_危。自羊_九曲之_。入_道三巴之外。_限戎隔夷。__要害。而_人御_。常困__。_渥首_厥功。李__成巨_。校_路之_近。_十_之途程。人不__。功已大就。偃__路。__通津。桂_列亭。止於添_。此_通千里之_峻。便三川之往_。__良能。克_寄任。宜依所奏。仍付史_；李之勤《唐代的文川道》",
        "驿路名（如果有的话）": "斜谷路",
        "始建年（仅录唐五代）": "",
        "备注": "",
        "是否为馆驿": "",
        "引用台湾图数据出处": ""
      }
    },
    {
      "type": "Feature",
      "geometry": {
        "type": "Point",
        "coordinates": [
          107.6707301,
          34.1919855
        ]
      },
      "properties": {
        "整理后的馆驿名称": "灵溪驿（亦作临溪驿）",
        "相对于741年州县位置/大致范围": "",
        "精确定位参考（里距/现代村镇）": "今陕西眉县斜峪关村",
        "道（十五道）": "关中道",
        "府州": "岐州",
        "县": "郿县",
        "精度": "1",
        "资料出处": "《唐会要》卷86“道路”：大中三年十一月。山南西道_度使_渥。_翔_度使李_等奏。_道先准_。新_文川谷路。__泉_至白__。共一十所。_每__近。置私客_一所。其__什物_料_乘。_作大_知官。及_道等_修制置_。其斜谷路。_置_五所。平州_一所。___一所。松__一所。___一所。_泉_一所。_已_功_。_旨。蜀_道古今_危。自羊_九曲之_。入_道三巴之外。_限戎隔夷。__要害。而_人御_。常困__。_渥首_厥功。李__成巨_。校_路之_近。_十_之途程。人不__。功已大就。偃__路。__通津。桂_列亭。止於添_。此_通千里之_峻。便三川之往_。__良能。克_寄任。宜依所奏。仍付史_；李之勤《唐代的文川道》",
        "驿路名（如果有的话）": "文川路",
        "始建年（仅录唐五代）": "",
        "备注": "",
        "是否为馆驿": "",
        "引用台湾图数据出处": ""
      }
    },
    {
      "type": "Feature",
      "geometry": {
        "type": "Point",
        "coordinates": [
          107.711584,
          34.418104
        ]
      },
      "properties": {
        "整理后的馆驿名称": "龙尾驿",
        "相对于741年州县位置/大致范围": "岐山县",
        "精确定位参考（里距/现代村镇）": "岐山县故郡乡",
        "道（十五道）": "京畿道",
        "府州": "岐州",
        "县": "岐山县",
        "精度": "1",
        "资料出处": "《全唐诗》卷五八三温庭筠",
        "驿路名（如果有的话）": "",
        "始建年（仅录唐五代）": "",
        "备注": "",
        "是否为馆驿": "",
        "引用台湾图数据出处": ""
      }
    },
    {
      "type": "Feature",
      "geometry": {
        "type": "Point",
        "coordinates": [
          107.7334,
          33.7423
        ]
      },
      "properties": {
        "整理后的馆驿名称": "婿水驿",
        "相对于741年州县位置/大致范围": "在骆谷中",
        "精确定位参考（里距/现代村镇）": "",
        "道（十五道）": "山南西道",
        "府州": "洋州",
        "县": "兴道县",
        "精度": "3",
        "资料出处": "《资治通鉴考异·唐纪16》：上趣骆谷，郑畋谒于道次。续宝运录：“戊子，帝至骆谷壻水驿，乃下诏与牛颛、杨师立、陈敬瑄云：今月七日，已次骆谷壻水驿；《元丰九域志》：洋州興道縣有壻水鎭。",
        "驿路名（如果有的话）": "",
        "始建年（仅录唐五代）": "",
        "备注": "",
        "是否为馆驿": "",
        "引用台湾图数据出处": ""
      }
    },
    {
      "type": "Feature",
      "geometry": {
        "type": "Point",
        "coordinates": [
          107.76037,
          32.99027
        ]
      },
      "properties": {
        "整理后的馆驿名称": "白草驿",
        "相对于741年州县位置/大致范围": "",
        "精确定位参考（里距/现代村镇）": "",
        "道（十五道）": "山南西道",
        "府州": "洋州",
        "县": "",
        "精度": "3",
        "资料出处": "《五百家注韩昌黎集》卷30“唐故相权公墓碑”：十三年某月甲子，道薨于洋之白草。",
        "驿路名（如果有的话）": "",
        "始建年（仅录唐五代）": "",
        "备注": "",
        "是否为馆驿": "",
        "引用台湾图数据出处": ""
      }
    },
    {
      "type": "Feature",
      "geometry": {
        "type": "Point",
        "coordinates": [
          107.7651656,
          30.65680193
        ]
      },
      "properties": {
        "整理后的馆驿名称": "高都驿",
        "相对于741年州县位置/大致范围": "宋代梁山军北15里（即唐梁山县）",
        "精确定位参考（里距/现代村镇）": "",
        "道（十五道）": "山南东道",
        "府州": "万州",
        "县": "梁山县",
        "精度": "1",
        "资料出处": "《舆地纪胜》卷179“夔州路”：高都山，距_北一十五里。山中地黄壤而腴，其民以_姜__，衣食取_焉。高都_路，乃天__荔枝之路也。",
        "驿路名（如果有的话）": "",
        "始建年（仅录唐五代）": "",
        "备注": "",
        "是否为馆驿": "",
        "引用台湾图数据出处": ""
      }
    },
    {
      "type": "Feature",
      "geometry": {
        "type": "Point",
        "coordinates": [
          107.776099,
          30.660552
        ]
      },
      "properties": {
        "整理后的馆驿名称": "梁山驿",
        "相对于741年州县位置/大致范围": "宋梁山军东40里",
        "精确定位参考（里距/现代村镇）": "",
        "道（十五道）": "江南东道",
        "府州": "万州",
        "县": "梁山县",
        "精度": "1",
        "资料出处": "《舆地纪胜》卷179“梁山军”：《舊梁山驛碑》。驛在軍之東四十里。耆舊相傳，李唐時有白虎蛟龍爲民害，民至遷居以避之。韓昌黎嘗按部經行，二害乃去，作碑識之。今名其地爲碑坳，碑猶存于溪側，其字漫滅，不可復識矣。",
        "驿路名（如果有的话）": "",
        "始建年（仅录唐五代）": "",
        "备注": "",
        "是否为馆驿": "",
        "引用台湾图数据出处": "2.0"
      }
    },
    {
      "type": "Feature",
      "geometry": {
        "type": "Point",
        "coordinates": [
          107.788984,
          33.749328
        ]
      },
      "properties": {
        "整理后的馆驿名称": "大望驿",
        "相对于741年州县位置/大致范围": "距宋盩厔县林关驿75里",
        "精确定位参考（里距/现代村镇）": "",
        "道（十五道）": "山南西道",
        "府州": "洋州",
        "县": "华阳县",
        "精度": "2",
        "资料出处": "《长安志》卷18《盩厔县》：至洋州真符縣大望驛七十五里。",
        "驿路名（如果有的话）": "",
        "始建年（仅录唐五代）": "",
        "备注": "",
        "是否为馆驿": "",
        "引用台湾图数据出处": ""
      }
    },
    {
      "type": "Feature",
      "geometry": {
        "type": "Point",
        "coordinates": [
          107.815401,
          34.328426
        ]
      },
      "properties": {
        "整理后的馆驿名称": "过蜀驿",
        "相对于741年州县位置/大致范围": "郿县",
        "精确定位参考（里距/现代村镇）": "郿县北界",
        "道（十五道）": "京畿道",
        "府州": "岐州",
        "县": "郿县",
        "精度": "2",
        "资料出处": "《唐会要》卷六十一",
        "驿路名（如果有的话）": "",
        "始建年（仅录唐五代）": "826",
        "备注": "",
        "是否为馆驿": "",
        "引用台湾图数据出处": "2.0"
      }
    },
    {
      "type": "Feature",
      "geometry": {
        "type": "Point",
        "coordinates": [
          107.94148,
          35.26942
        ]
      },
      "properties": {
        "整理后的馆驿名称": "枣社驿",
        "相对于741年州县位置/大致范围": "定安县",
        "精确定位参考（里距/现代村镇）": "宁县正平村",
        "道（十五道）": "关内道",
        "府州": "宁州",
        "县": "定安县",
        "精度": "1",
        "资料出处": "《元和郡县图志》卷三宁州",
        "驿路名（如果有的话）": "长安灵州道",
        "始建年（仅录唐五代）": "614",
        "备注": "",
        "是否为馆驿": "",
        "引用台湾图数据出处": "2.0"
      }
    },
    {
      "type": "Feature",
      "geometry": {
        "type": "Point",
        "coordinates": [
          107.827034,
          30.690656
        ]
      },
      "properties": {
        "整理后的馆驿名称": "高头驿",
        "相对于741年州县位置/大致范围": "",
        "精确定位参考（里距/现代村镇）": "",
        "道（十五道）": "山南东道",
        "府州": "万州",
        "县": "",
        "精度": "3",
        "资料出处": "",
        "驿路名（如果有的话）": "",
        "始建年（仅录唐五代）": "",
        "备注": "",
        "是否为馆驿": "",
        "引用台湾图数据出处": "2.0"
      }
    },
    {
      "type": "Feature",
      "geometry": {
        "type": "Point",
        "coordinates": [
          108.065214,
          34.632448
        ]
      },
      "properties": {
        "整理后的馆驿名称": "永寿驿",
        "相对于741年州县位置/大致范围": "",
        "精确定位参考（里距/现代村镇）": "",
        "道（十五道）": "京畿道",
        "府州": "京兆府",
        "县": "",
        "精度": "3",
        "资料出处": "",
        "驿路名（如果有的话）": "",
        "始建年（仅录唐五代）": "",
        "备注": "",
        "是否为馆驿": "",
        "引用台湾图数据出处": "2.0"
      }
    },
    {
      "type": "Feature",
      "geometry": {
        "type": "Point",
        "coordinates": [
          108.073379,
          34.150746
        ]
      },
      "properties": {
        "整理后的馆驿名称": "盩厔驿",
        "相对于741年州县位置/大致范围": "",
        "精确定位参考（里距/现代村镇）": "",
        "道（十五道）": "京畿道",
        "府州": "京兆府",
        "县": "盩厔县",
        "精度": "3",
        "资料出处": "",
        "驿路名（如果有的话）": "",
        "始建年（仅录唐五代）": "",
        "备注": "",
        "是否为馆驿": "",
        "引用台湾图数据出处": ""
      }
    },
    {
      "type": "Feature",
      "geometry": {
        "type": "Point",
        "coordinates": [
          108.103352,
          34.3363056
        ]
      },
      "properties": {
        "整理后的馆驿名称": "武功驿",
        "相对于741年州县位置/大致范围": "武功县",
        "精确定位参考（里距/现代村镇）": "武功镇",
        "道（十五道）": "京畿道",
        "府州": "京兆府",
        "县": "武功县",
        "精度": "1",
        "资料出处": "《跨鳌集》卷四",
        "驿路名（如果有的话）": "",
        "始建年（仅录唐五代）": "",
        "备注": "",
        "是否为馆驿": "",
        "引用台湾图数据出处": ""
      }
    },
    {
      "type": "Feature",
      "geometry": {
        "type": "Point",
        "coordinates": [
          108.105104,
          34.085855
        ]
      },
      "properties": {
        "整理后的馆驿名称": "骆口驿",
        "相对于741年州县位置/大致范围": "盩厔县",
        "精确定位参考（里距/现代村镇）": "骆谷口",
        "道（十五道）": "京畿道",
        "府州": "京兆府",
        "县": "盩厔县",
        "精度": "1",
        "资料出处": "《元稹集》卷一七",
        "驿路名（如果有的话）": "",
        "始建年（仅录唐五代）": "",
        "备注": "",
        "是否为馆驿": "",
        "引用台湾图数据出处": "2.0"
      }
    },
    {
      "type": "Feature",
      "geometry": {
        "type": "Point",
        "coordinates": [
          108.109003,
          39.139714
        ]
      },
      "properties": {
        "整理后的馆驿名称": "贺兰驿",
        "相对于741年州县位置/大致范围": "宥州怀德县",
        "精确定位参考（里距/现代村镇）": "夏州北三百里",
        "道（十五道）": "关内道",
        "府州": "宥州",
        "县": "怀德县",
        "精度": "2",
        "资料出处": "新唐书地理志卷末贾耽所记边州入四夷七道",
        "驿路名（如果有的话）": "长安至丰州天德军道",
        "始建年（仅录唐五代）": "",
        "备注": "",
        "是否为馆驿": "",
        "引用台湾图数据出处": ""
      }
    },
    {
      "type": "Feature",
      "geometry": {
        "type": "Point",
        "coordinates": [
          108.159912,
          34.689189
        ]
      },
      "properties": {
        "整理后的馆驿名称": "永寿县新址驿",
        "相对于741年州县位置/大致范围": "永寿县",
        "精确定位参考（里距/现代村镇）": "县东南二三十里",
        "道（十五道）": "京畿道",
        "府州": "邠州",
        "县": "永寿县",
        "精度": "2",
        "资料出处": "旧肃宗纪；旧一五一髙承简传；通鉴二二三，广德二年；",
        "驿路名（如果有的话）": "",
        "始建年（仅录唐五代）": "",
        "备注": "",
        "是否为馆驿": "",
        "引用台湾图数据出处": ""
      }
    },
    {
      "type": "Feature",
      "geometry": {
        "type": "Point",
        "coordinates": [
          108.2007518,
          34.32624962
        ]
      },
      "properties": {
        "整理后的馆驿名称": "原阙",
        "相对于741年州县位置/大致范围": "",
        "精确定位参考（里距/现代村镇）": "武功县贞元镇",
        "道（十五道）": "京畿道",
        "府州": "京兆府",
        "县": "武功县",
        "精度": "1",
        "资料出处": "",
        "驿路名（如果有的话）": "",
        "始建年（仅录唐五代）": "",
        "备注": "",
        "是否为馆驿": "",
        "引用台湾图数据出处": ""
      }
    },
    {
      "type": "Feature",
      "geometry": {
        "type": "Point",
        "coordinates": [
          108.25478,
          30.50567
        ]
      },
      "properties": {
        "整理后的馆驿名称": "武宁驿",
        "相对于741年州县位置/大致范围": "武宁县",
        "精确定位参考（里距/现代村镇）": "疑为万州武宁县，隶属荆南节度",
        "道（十五道）": "山南东道",
        "府州": "万州",
        "县": "武宁县",
        "精度": "3",
        "资料出处": "《全唐诗》卷五六七崔橹",
        "驿路名（如果有的话）": "",
        "始建年（仅录唐五代）": "",
        "备注": "",
        "是否为馆驿": "",
        "引用台湾图数据出处": ""
      }
    },
    {
      "type": "Feature",
      "geometry": {
        "type": "Point",
        "coordinates": [
          108.433326,
          34.531589
        ]
      },
      "properties": {
        "整理后的馆驿名称": "骆驿",
        "相对于741年州县位置/大致范围": "奉天县",
        "精确定位参考（里距/现代村镇）": "醴泉、奉天之间",
        "道（十五道）": "京畿道",
        "府州": "京兆府",
        "县": "奉天县",
        "精度": "2",
        "资料出处": "旧一二八段秀实传；旧二〇〇下朱秕传；新一五三段秀实傅；通鉴二二八建中四年纪；奉天录卷一；",
        "驿路名（如果有的话）": "",
        "始建年（仅录唐五代）": "",
        "备注": "",
        "是否为馆驿": "",
        "引用台湾图数据出处": ""
      }
    },
    {
      "type": "Feature",
      "geometry": {
        "type": "Point",
        "coordinates": [
          108.370798,
          34.317022
        ]
      },
      "properties": {
        "整理后的馆驿名称": "马嵬驿",
        "相对于741年州县位置/大致范围": "金城县",
        "精确定位参考（里距/现代村镇）": "马嵬街道",
        "道（十五道）": "京畿道",
        "府州": "京兆府",
        "县": "金城县",
        "精度": "1",
        "资料出处": "《册府元龟》卷三一五",
        "驿路名（如果有的话）": "",
        "始建年（仅录唐五代）": "",
        "备注": "",
        "是否为馆驿": "",
        "引用台湾图数据出处": ""
      }
    },
    {
      "type": "Feature",
      "geometry": {
        "type": "Point",
        "coordinates": [
          108.472736,
          34.303879
        ]
      },
      "properties": {
        "整理后的馆驿名称": "槐里驿",
        "相对于741年州县位置/大致范围": "咸阳县",
        "精确定位参考（里距/现代村镇）": "今兴平市东城街道",
        "道（十五道）": "京畿道",
        "府州": "京兆府",
        "县": "咸阳县",
        "精度": "1",
        "资料出处": "丝绸之路东中段数据集",
        "驿路名（如果有的话）": "",
        "始建年（仅录唐五代）": "757",
        "备注": "907",
        "是否为馆驿": "",
        "引用台湾图数据出处": ""
      }
    },
    {
      "type": "Feature",
      "geometry": {
        "type": "Point",
        "coordinates": [
          108.624577,
          34.487497
        ]
      },
      "properties": {
        "整理后的馆驿名称": "管城驿",
        "相对于741年州县位置/大致范围": "醴泉東南，咸陽醴泉間",
        "精确定位参考（里距/现代村镇）": "",
        "道（十五道）": "京畿道",
        "府州": "京兆府",
        "县": "醴泉县",
        "精度": "2",
        "资料出处": "王諫《爲郭令公出上都赴奉天行營敕賜錦戰袍並口脂等謝表》",
        "驿路名（如果有的话）": "",
        "始建年（仅录唐五代）": "",
        "备注": "",
        "是否为馆驿": "",
        "引用台湾图数据出处": ""
      }
    },
    {
      "type": "Feature",
      "geometry": {
        "type": "Point",
        "coordinates": [
          108.5009682,
          34.55826585
        ]
      },
      "properties": {
        "整理后的馆驿名称": "醴泉驿",
        "相对于741年州县位置/大致范围": "醴泉县",
        "精确定位参考（里距/现代村镇）": "礼泉县赵镇",
        "道（十五道）": "京畿道",
        "府州": "京兆府",
        "县": "醴泉县",
        "精度": "1",
        "资料出处": "_安志一六醴泉_；_五代史六六安重__；",
        "驿路名（如果有的话）": "",
        "始建年（仅录唐五代）": "",
        "备注": "",
        "是否为馆驿": "",
        "引用台湾图数据出处": "2.0"
      }
    },
    {
      "type": "Feature",
      "geometry": {
        "type": "Point",
        "coordinates": [
          108.759099,
          34.361866
        ]
      },
      "properties": {
        "整理后的馆驿名称": "陶化驿",
        "相对于741年州县位置/大致范围": "咸阳县",
        "精确定位参考（里距/现代村镇）": "今咸阳市渭城区渭城",
        "道（十五道）": "京畿道",
        "府州": "京兆府",
        "县": "咸阳县",
        "精度": "1",
        "资料出处": "《长安志》卷一三咸阳县",
        "驿路名（如果有的话）": "",
        "始建年（仅录唐五代）": "619",
        "备注": "",
        "是否为馆驿": "",
        "引用台湾图数据出处": ""
      }
    },
    {
      "type": "Feature",
      "geometry": {
        "type": "Point",
        "coordinates": [
          108.709598,
          34.376056
        ]
      },
      "properties": {
        "整理后的馆驿名称": "温泉驿",
        "相对于741年州县位置/大致范围": "咸阳县",
        "精确定位参考（里距/现代村镇）": "今咸阳县周陵镇",
        "道（十五道）": "京畿道",
        "府州": "京兆府",
        "县": "咸阳县",
        "精度": "1",
        "资料出处": "丝绸之路东中段数据集",
        "驿路名（如果有的话）": "",
        "始建年（仅录唐五代）": "619",
        "备注": "907",
        "是否为馆驿": "",
        "引用台湾图数据出处": "2.0"
      }
    },
    {
      "type": "Feature",
      "geometry": {
        "type": "Point",
        "coordinates": [
          108.71365,
          37.65115
        ]
      },
      "properties": {
        "整理后的馆驿名称": "乌延驿",
        "相对于741年州县位置/大致范围": "长泽县",
        "精确定位参考（里距/现代村镇）": "大约在今靖边县镇靖镇，或在今宁朔县乌延口以北乌延城",
        "道（十五道）": "关内道",
        "府州": "夏州",
        "县": "长泽县",
        "精度": "1",
        "资料出处": "《太平广记》卷二八六引《独异志》",
        "驿路名（如果有的话）": "长安至夏州道",
        "始建年（仅录唐五代）": "",
        "备注": "",
        "是否为馆驿": "",
        "引用台湾图数据出处": ""
      }
    },
    {
      "type": "Feature",
      "geometry": {
        "type": "Point",
        "coordinates": [
          108.75477,
          34.59552
        ]
      },
      "properties": {
        "整理后的馆驿名称": "云阳馆",
        "相对于741年州县位置/大致范围": "",
        "精确定位参考（里距/现代村镇）": "",
        "道（十五道）": "京畿道",
        "府州": "京兆府",
        "县": "云阳县",
        "精度": "3",
        "资料出处": "《全唐诗》卷一九一韦应物",
        "驿路名（如果有的话）": "",
        "始建年（仅录唐五代）": "",
        "备注": "",
        "是否为馆驿": "",
        "引用台湾图数据出处": ""
      }
    },
    {
      "type": "Feature",
      "geometry": {
        "type": "Point",
        "coordinates": [
          108.763302,
          34.387957
        ]
      },
      "properties": {
        "整理后的馆驿名称": "望贤驿",
        "相对于741年州县位置/大致范围": "咸阳县",
        "精确定位参考（里距/现代村镇）": "",
        "道（十五道）": "京畿道",
        "府州": "京兆府",
        "县": "咸阳县",
        "精度": "1",
        "资料出处": "《旧唐书》卷九《玄宗纪下》",
        "驿路名（如果有的话）": "",
        "始建年（仅录唐五代）": "",
        "备注": "",
        "是否为馆驿": "",
        "引用台湾图数据出处": ""
      }
    },
    {
      "type": "Feature",
      "geometry": {
        "type": "Point",
        "coordinates": [
          111.6458,
          32.2694
        ]
      },
      "properties": {
        "整理后的馆驿名称": "汉阴驿",
        "相对于741年州县位置/大致范围": "谷城县北",
        "精确定位参考（里距/现代村镇）": "",
        "道（十五道）": "山南东道",
        "府州": "襄州",
        "县": "谷城县",
        "精度": "2",
        "资料出处": "《旧唐书》卷176《卢商传》：宣宗卽位，入爲兵部侍郞。尋以本官同平章事、范陽郡開國公，食邑二千戶，加兼工部尙書。數年，檢校工部尙書，出爲鄂岳觀察使，就加檢校兵部尙書。大中十三年，以疾求代，徵拜戶部尙書。其年八月，卒于漢陰驛；《太平寰宇记》卷145《襄州》：漢陰城，在縣北。漢爲縣，今廢城存。",
        "驿路名（如果有的话）": "",
        "始建年（仅录唐五代）": "",
        "备注": "",
        "是否为馆驿": "",
        "引用台湾图数据出处": "2.0"
      }
    },
    {
      "type": "Feature",
      "geometry": {
        "type": "Point",
        "coordinates": [
          108.782085,
          32.938595
        ]
      },
      "properties": {
        "整理后的馆驿名称": "汉阴驿",
        "相对于741年州县位置/大致范围": "",
        "精确定位参考（里距/现代村镇）": "",
        "道（十五道）": "山南西道",
        "府州": "金州",
        "县": "安康县",
        "精度": "2",
        "资料出处": "《全唐诗》卷271《漢陰驛與宇文十相遇旋歸西川因以贈別》：吳蜀何年別。相逢漢水頭。望鄕心共醉。握手淚先流。宿霧千山曉。春霖一夜愁。離情方浩蕩。莫說去刀州；《太平寰宇记》卷141《金州》：漢陰縣，西一百一十里。舊十二鄉，今六鄉。本漢安陽縣，屬漢中郡。有安陽故城，在今縣西二十四里，即今敖口東十五里漢江之北故城是也。〔二八〕晉太康元年更名安康縣。太康地記及太康志、臧榮緒晉書地理志並屬魏興郡。宇文周始從舊縣移于今所。唐至德二年改安康爲漢陰。",
        "驿路名（如果有的话）": "",
        "始建年（仅录唐五代）": "",
        "备注": "",
        "是否为馆驿": "",
        "引用台湾图数据出处": "2.0"
      }
    },
    {
      "type": "Feature",
      "geometry": {
        "type": "Point",
        "coordinates": [
          108.841584,
          34.534969
        ]
      },
      "properties": {
        "整理后的馆驿名称": "迎冬驿",
        "相对于741年州县位置/大致范围": "泾阳县",
        "精确定位参考（里距/现代村镇）": "泾阳县治，今咸阳市泾干镇",
        "道（十五道）": "京畿道",
        "府州": "京兆府",
        "县": "泾阳县",
        "精度": "1",
        "资料出处": "长安志一七泾阳县",
        "驿路名（如果有的话）": "长安太原道",
        "始建年（仅录唐五代）": "",
        "备注": "",
        "是否为馆驿": "",
        "引用台湾图数据出处": ""
      }
    },
    {
      "type": "Feature",
      "geometry": {
        "type": "Point",
        "coordinates": [
          108.868517,
          34.273115
        ]
      },
      "properties": {
        "整理后的馆驿名称": "临皋驿",
        "相对于741年州县位置/大致范围": "长安县",
        "精确定位参考（里距/现代村镇）": "西安市莲湖区枣园街道",
        "道（十五道）": "京畿道",
        "府州": "京兆府",
        "县": "长安县",
        "精度": "1",
        "资料出处": "《旧唐书》卷一四〇《刘辟传》",
        "驿路名（如果有的话）": "",
        "始建年（仅录唐五代）": "",
        "备注": "",
        "是否为馆驿": "",
        "引用台湾图数据出处": ""
      }
    },
    {
      "type": "Feature",
      "geometry": {
        "type": "Point",
        "coordinates": [
          108.790995,
          34.156905
        ]
      },
      "properties": {
        "整理后的馆驿名称": "细柳驿",
        "相对于741年州县位置/大致范围": "长安县",
        "精确定位参考（里距/现代村镇）": "",
        "道（十五道）": "京畿道",
        "府州": "京兆府",
        "县": "长安县",
        "精度": "3",
        "资料出处": "《权文公集》卷六；《全唐诗》卷三二五权德舆",
        "驿路名（如果有的话）": "",
        "始建年（仅录唐五代）": "",
        "备注": "",
        "是否为馆驿": "",
        "引用台湾图数据出处": ""
      }
    },
    {
      "type": "Feature",
      "geometry": {
        "type": "Point",
        "coordinates": [
          108.93719,
          34.31799
        ]
      },
      "properties": {
        "整理后的馆驿名称": "太宁驿（城东驿）",
        "相对于741年州县位置/大致范围": "万年县",
        "精确定位参考（里距/现代村镇）": "西至秦川驿四里",
        "道（十五道）": "京畿道",
        "府州": "京兆府",
        "县": "万年县",
        "精度": "1",
        "资料出处": "长安志",
        "驿路名（如果有的话）": "",
        "始建年（仅录唐五代）": "",
        "备注": "",
        "是否为馆驿": "",
        "引用台湾图数据出处": ""
      }
    },
    {
      "type": "Feature",
      "geometry": {
        "type": "Point",
        "coordinates": [
          108.93719,
          34.31799
        ]
      },
      "properties": {
        "整理后的馆驿名称": "五松驿",
        "相对于741年州县位置/大致范围": "万年县",
        "精确定位参考（里距/现代村镇）": "难考",
        "道（十五道）": "关内道",
        "府州": "京兆府",
        "县": "万年县",
        "精度": "2",
        "资料出处": "《全唐诗》卷四七七李涉",
        "驿路名（如果有的话）": "",
        "始建年（仅录唐五代）": "",
        "备注": "",
        "是否为馆驿": "",
        "引用台湾图数据出处": ""
      }
    },
    {
      "type": "Feature",
      "geometry": {
        "type": "Point",
        "coordinates": [
          108.969967,
          34.247653
        ]
      },
      "properties": {
        "整理后的馆驿名称": "都亭驿（长安朱雀街）",
        "相对于741年州县位置/大致范围": "长安县",
        "精确定位参考（里距/现代村镇）": "朱雀街西，近鸿胪寺",
        "道（十五道）": "京畿道",
        "府州": "京兆府",
        "县": "长安县",
        "精度": "1",
        "资料出处": "《旧唐书》卷一九上《懿宗纪》；《唐会要》卷八二",
        "驿路名（如果有的话）": "",
        "始建年（仅录唐五代）": "",
        "备注": "",
        "是否为馆驿": "",
        "引用台湾图数据出处": ""
      }
    },
    {
      "type": "Feature",
      "geometry": {
        "type": "Point",
        "coordinates": [
          108.9738855,
          34.22275318
        ]
      },
      "properties": {
        "整理后的馆驿名称": "都亭驿（曲江）",
        "相对于741年州县位置/大致范围": "万年县",
        "精确定位参考（里距/现代村镇）": "城东南曲江池北",
        "道（十五道）": "京畿道",
        "府州": "京兆府",
        "县": "万年县",
        "精度": "1",
        "资料出处": "",
        "驿路名（如果有的话）": "",
        "始建年（仅录唐五代）": "",
        "备注": "",
        "是否为馆驿": "",
        "引用台湾图数据出处": ""
      }
    },
    {
      "type": "Feature",
      "geometry": {
        "type": "Point",
        "coordinates": [
          109.010664,
          34.235528
        ]
      },
      "properties": {
        "整理后的馆驿名称": "秦川驿",
        "相对于741年州县位置/大致范围": "万年县",
        "精确定位参考（里距/现代村镇）": "在京师长安城南门外或稍偏东之近处。西南至鄠县（今县）七十里，东北至昭应县（今临潼）五十里",
        "道（十五道）": "京畿道",
        "府州": "京兆府",
        "县": "万年县",
        "精度": "1",
        "资料出处": "《资治通鉴》卷二七四",
        "驿路名（如果有的话）": "",
        "始建年（仅录唐五代）": "",
        "备注": "",
        "是否为馆驿": "",
        "引用台湾图数据出处": ""
      }
    },
    {
      "type": "Feature",
      "geometry": {
        "type": "Point",
        "coordinates": [
          109.0256574,
          34.2734366
        ]
      },
      "properties": {
        "整理后的馆驿名称": "长乐驿",
        "相对于741年州县位置/大致范围": "万年县",
        "精确定位参考（里距/现代村镇）": "万年县东十五里，通化门外七里，长乐坡上",
        "道（十五道）": "京畿道",
        "府州": "京兆府",
        "县": "万年县",
        "精度": "1",
        "资料出处": "《长安志》卷一一万年县",
        "驿路名（如果有的话）": "两京驿路",
        "始建年（仅录唐五代）": "",
        "备注": "",
        "是否为馆驿": "",
        "引用台湾图数据出处": "2.0"
      }
    },
    {
      "type": "Feature",
      "geometry": {
        "type": "Point",
        "coordinates": [
          109.000069,
          34.659478
        ]
      },
      "properties": {
        "整理后的馆驿名称": "三原驿",
        "相对于741年州县位置/大致范围": "三原县",
        "精确定位参考（里距/现代村镇）": "泾阳以东，并北山南麓东北行，四十里至三原县（今县东北三十里），今咸阳市西阳镇",
        "道（十五道）": "京畿道",
        "府州": "京兆府",
        "县": "三原驿",
        "精度": "1",
        "资料出处": "长安志一九富平县",
        "驿路名（如果有的话）": "长安至丰州天德军道",
        "始建年（仅录唐五代）": "",
        "备注": "",
        "是否为馆驿": "",
        "引用台湾图数据出处": ""
      }
    },
    {
      "type": "Feature",
      "geometry": {
        "type": "Point",
        "coordinates": [
          109.036817,
          34.822852
        ]
      },
      "properties": {
        "整理后的馆驿名称": "华原南馆",
        "相对于741年州县位置/大致范围": "华原县",
        "精确定位参考（里距/现代村镇）": "华原南",
        "道（十五道）": "京畿道",
        "府州": "京兆府",
        "县": "华原县",
        "精度": "2",
        "资料出处": "《全唐诗》卷三一七武元衡",
        "驿路名（如果有的话）": "",
        "始建年（仅录唐五代）": "",
        "备注": "",
        "是否为馆驿": "",
        "引用台湾图数据出处": "2.0"
      }
    },
    {
      "type": "Feature",
      "geometry": {
        "type": "Point",
        "coordinates": [
          108.976552,
          34.910271
        ]
      },
      "properties": {
        "整理后的馆驿名称": "泥阳驿",
        "相对于741年州县位置/大致范围": "华原县",
        "精确定位参考（里距/现代村镇）": "铜川市耀州区永安路街道办",
        "道（十五道）": "京畿道",
        "府州": "京兆府",
        "县": "华原县",
        "精度": "1",
        "资料出处": "《长安志》卷一九华原县",
        "驿路名（如果有的话）": "",
        "始建年（仅录唐五代）": "",
        "备注": "",
        "是否为馆驿": "",
        "引用台湾图数据出处": ""
      }
    },
    {
      "type": "Feature",
      "geometry": {
        "type": "Point",
        "coordinates": [
          109.0767591,
          34.31417798
        ]
      },
      "properties": {
        "整理后的馆驿名称": "霸桥驿（滋水驿、灞桥驿）",
        "相对于741年州县位置/大致范围": "万年县",
        "精确定位参考（里距/现代村镇）": "万年县东二十里",
        "道（十五道）": "京畿道",
        "府州": "京兆府",
        "县": "万年县",
        "精度": "1",
        "资料出处": "《资治通鉴》卷二六二",
        "驿路名（如果有的话）": "两京驿路",
        "始建年（仅录唐五代）": "",
        "备注": "",
        "是否为馆驿": "",
        "引用台湾图数据出处": ""
      }
    },
    {
      "type": "Feature",
      "geometry": {
        "type": "Point",
        "coordinates": [
          109.0919492,
          30.98973367
        ]
      },
      "properties": {
        "整理后的馆驿名称": "龙目驿（宋人）",
        "相对于741年州县位置/大致范围": "西到宋开州一百九十里",
        "精确定位参考（里距/现代村镇）": "",
        "道（十五道）": "山南东道",
        "府州": "夔州",
        "县": "云安县",
        "精度": "1",
        "资料出处": "《太平寰宇记》卷197“开州”：北至_京二千七百一十里。北至西京二千七百九十里，若_江陵水路_路相兼至洛_二千六百八十里。北取通、洋_州路至_安一千四百三十里。_至夔州_安__目_一百九十里，__路至夔州二百二十里。南至_州小路一百六十里，大路二百里。西至_州三百里。北至_州四百九十里。〔七〕西南至_州梁山_一百五十三里。〔八〕西北至_州石鼓_一百二十八里。_北至姚州界二百八里。",
        "驿路名（如果有的话）": "",
        "始建年（仅录唐五代）": "",
        "备注": "",
        "是否为馆驿": "",
        "引用台湾图数据出处": ""
      }
    },
    {
      "type": "Feature",
      "geometry": {
        "type": "Point",
        "coordinates": [
          109.112613,
          34.184685
        ]
      },
      "properties": {
        "整理后的馆驿名称": "蓝田故驿",
        "相对于741年州县位置/大致范围": "蓝田县",
        "精确定位参考（里距/现代村镇）": "长安至蓝田道中",
        "道（十五道）": "京畿道",
        "府州": "京兆府",
        "县": "蓝田县",
        "精度": "3",
        "资料出处": "李商隐《故驿迎吊故桂府常侍有感》（全唐诗八函九册）",
        "驿路名（如果有的话）": "",
        "始建年（仅录唐五代）": "",
        "备注": "",
        "是否为馆驿": "",
        "引用台湾图数据出处": "2.0"
      }
    },
    {
      "type": "Feature",
      "geometry": {
        "type": "Point",
        "coordinates": [
          109.139491,
          34.512623
        ]
      },
      "properties": {
        "整理后的馆驿名称": "神皋驿",
        "相对于741年州县位置/大致范围": "",
        "精确定位参考（里距/现代村镇）": "",
        "道（十五道）": "关内道",
        "府州": "京兆府",
        "县": "",
        "精度": "1",
        "资料出处": "",
        "驿路名（如果有的话）": "",
        "始建年（仅录唐五代）": "",
        "备注": "",
        "是否为馆驿": "",
        "引用台湾图数据出处": ""
      }
    },
    {
      "type": "Feature",
      "geometry": {
        "type": "Point",
        "coordinates": [
          109.2084231,
          34.5843883
        ]
      },
      "properties": {
        "整理后的馆驿名称": "栎阳驿",
        "相对于741年州县位置/大致范围": "栎阳县",
        "精确定位参考（里距/现代村镇）": "今栎阳镇",
        "道（十五道）": "京畿道",
        "府州": "京兆府",
        "县": "栎阳县",
        "精度": "1",
        "资料出处": "柳宗元馆驿使壁记（全唐文五八_）；元稹华岳寺望山诗；圆仁行记卷三；余芳编年集圆珍请弘传_言止观两宗官牒_状；",
        "驿路名（如果有的话）": "长安太原道",
        "始建年（仅录唐五代）": "",
        "备注": "",
        "是否为馆驿": "",
        "引用台湾图数据出处": ""
      }
    },
    {
      "type": "Feature",
      "geometry": {
        "type": "Point",
        "coordinates": [
          109.2099989,
          34.36022114
        ]
      },
      "properties": {
        "整理后的馆驿名称": "昌亭驿（会昌驿、昭应驿）",
        "相对于741年州县位置/大致范围": "新丰县",
        "精确定位参考（里距/现代村镇）": "华清宫西北，昭应县西南五十步",
        "道（十五道）": "京畿道",
        "府州": "京兆府",
        "县": "新丰县",
        "精度": "1",
        "资料出处": "《旧唐书》卷一_五《杨慎矜传》",
        "驿路名（如果有的话）": "两京驿路",
        "始建年（仅录唐五代）": "",
        "备注": "",
        "是否为馆驿": "",
        "引用台湾图数据出处": ""
      }
    },
    {
      "type": "Feature",
      "geometry": {
        "type": "Point",
        "coordinates": [
          109.211085,
          34.219005
        ]
      },
      "properties": {
        "整理后的馆驿名称": "蓝田驿",
        "相对于741年州县位置/大致范围": "蓝田县",
        "精确定位参考（里距/现代村镇）": "蓝田县西北二十五里",
        "道（十五道）": "京畿道",
        "府州": "京兆府",
        "县": "蓝田县",
        "精度": "1",
        "资料出处": "《资治通鉴》卷二一四",
        "驿路名（如果有的话）": "蓝田武关道",
        "始建年（仅录唐五代）": "",
        "备注": "",
        "是否为馆驿": "",
        "引用台湾图数据出处": "2.0"
      }
    },
    {
      "type": "Feature",
      "geometry": {
        "type": "Point",
        "coordinates": [
          109.263833,
          34.523988
        ]
      },
      "properties": {
        "整理后的馆驿名称": "栎阳",
        "相对于741年州县位置/大致范围": "",
        "精确定位参考（里距/现代村镇）": "",
        "道（十五道）": "京畿道",
        "府州": "京兆府",
        "县": "栎阳县",
        "精度": "3",
        "资料出处": "",
        "驿路名（如果有的话）": "",
        "始建年（仅录唐五代）": "",
        "备注": "",
        "是否为馆驿": "",
        "引用台湾图数据出处": ""
      }
    },
    {
      "type": "Feature",
      "geometry": {
        "type": "Point",
        "coordinates": [
          109.2798364,
          34.43364821
        ]
      },
      "properties": {
        "整理后的馆驿名称": "新丰驿（新丰馆）",
        "相对于741年州县位置/大致范围": "新丰县",
        "精确定位参考（里距/现代村镇）": "隋唐新丰县",
        "道（十五道）": "京畿道",
        "府州": "京兆府",
        "县": "新丰县",
        "精度": "1",
        "资料出处": "《旧唐书》卷九六《姚崇传》",
        "驿路名（如果有的话）": "",
        "始建年（仅录唐五代）": "",
        "备注": "",
        "是否为馆驿": "",
        "引用台湾图数据出处": ""
      }
    },
    {
      "type": "Feature",
      "geometry": {
        "type": "Point",
        "coordinates": [
          109.3141,
          34.4605
        ]
      },
      "properties": {
        "整理后的馆驿名称": "戏水驿（戏口驿、戏源驿）",
        "相对于741年州县位置/大致范围": "新丰县",
        "精确定位参考（里距/现代村镇）": "新丰驿东十里",
        "道（十五道）": "京畿道",
        "府州": "京兆府",
        "县": "新丰县",
        "精度": "1",
        "资料出处": "《旧唐书》卷一_五《杨慎矜传》",
        "驿路名（如果有的话）": "",
        "始建年（仅录唐五代）": "",
        "备注": "",
        "是否为馆驿": "",
        "引用台湾图数据出处": ""
      }
    },
    {
      "type": "Feature",
      "geometry": {
        "type": "Point",
        "coordinates": [
          109.32156,
          34.1537
        ]
      },
      "properties": {
        "整理后的馆驿名称": "青泥驿",
        "相对于741年州县位置/大致范围": "宋蓝田县郭下",
        "精确定位参考（里距/现代村镇）": "",
        "道（十五道）": "都畿道",
        "府州": "京兆府",
        "县": "蓝田县",
        "精度": "1",
        "资料出处": "《杜诗详注》卷6《崔氏東山草堂》；《长安志》卷16《蓝田县》：縣城。本名嶢柳城。沅案：「嶢柳」字王莽傳亦作「嶢霤」，以前對嶢山，其中多柳，因取爲名。水經注曰：「泥水歷嶢柳城南，魏置青泥軍於城内，俗亦謂之青泥城。」晋中興書曰：「桓温伐苻健，遣京兆太守薛珍擊青泥城，破之。」即其處也。城周八里，今縣城但占東南一隅而已。周三里餘八十步，崇一丈六尺，凡三門。青泥驛。在縣郭下。",
        "驿路名（如果有的话）": "",
        "始建年（仅录唐五代）": "",
        "备注": "",
        "是否为馆驿": "",
        "引用台湾图数据出处": ""
      }
    },
    {
      "type": "Feature",
      "geometry": {
        "type": "Point",
        "coordinates": [
          109.3465885,
          34.46524541
        ]
      },
      "properties": {
        "整理后的馆驿名称": "阴盘驿",
        "相对于741年州县位置/大致范围": "新丰县",
        "精确定位参考（里距/现代村镇）": "昭应县东十四、五里",
        "道（十五道）": "京畿道",
        "府州": "京兆府",
        "县": "新丰县",
        "精度": "1",
        "资料出处": "《魏书》卷八九《郦道元传》",
        "驿路名（如果有的话）": "",
        "始建年（仅录唐五代）": "",
        "备注": "",
        "是否为馆驿": "",
        "引用台湾图数据出处": ""
      }
    },
    {
      "type": "Feature",
      "geometry": {
        "type": "Point",
        "coordinates": [
          109.36716,
          35.99563
        ]
      },
      "properties": {
        "整理后的馆驿名称": "石泉驿",
        "相对于741年州县位置/大致范围": "洛交县",
        "精确定位参考（里距/现代村镇）": "长安至鄜州之间",
        "道（十五道）": "关内道",
        "府州": "鄜州",
        "县": "洛交县",
        "精度": "3",
        "资料出处": "《全唐诗》卷二八三李益",
        "驿路名（如果有的话）": "",
        "始建年（仅录唐五代）": "",
        "备注": "",
        "是否为馆驿": "",
        "引用台湾图数据出处": ""
      }
    },
    {
      "type": "Feature",
      "geometry": {
        "type": "Point",
        "coordinates": [
          109.408355,
          34.084291
        ]
      },
      "properties": {
        "整理后的馆驿名称": "韩公驿",
        "相对于741年州县位置/大致范围": "",
        "精确定位参考（里距/现代村镇）": "",
        "道（十五道）": "山南东道",
        "府州": "商州",
        "县": "",
        "精度": "3",
        "资料出处": "《太平广记》卷153《崔朴》：“旦日達藍田。時炎行李簡約。妻亦病稍愈。便與炎偕往。炎執淸之手。問第行。淸對曰。某第十八。淸又率俸錢數千。具商於已來山程之費。至韓公驛。執淸之袂。令妻出見曰。此崔十八。死生不相忘。無復多言矣。炎至商於洛源驛。馬乏。驛僕王新送騾一頭。又逢道州司倉參軍李全方輓運入奏。全方輒傾囊以濟炎行李。後二年秋。炎自江華除中書侍郞。入相。還至京兆界。問驛使。崔十八郞在否。驛吏答曰。在。炎喜甚。頃之。淸迎謁於前。”",
        "驿路名（如果有的话）": "",
        "始建年（仅录唐五代）": "",
        "备注": "",
        "是否为馆驿": "",
        "引用台湾图数据出处": "2.0"
      }
    },
    {
      "type": "Feature",
      "geometry": {
        "type": "Point",
        "coordinates": [
          109.427617,
          34.439756
        ]
      },
      "properties": {
        "整理后的馆驿名称": "渭南驿",
        "相对于741年州县位置/大致范围": "",
        "精确定位参考（里距/现代村镇）": "",
        "道（十五道）": "京畿道",
        "府州": "京兆府",
        "县": "",
        "精度": "3",
        "资料出处": "",
        "驿路名（如果有的话）": "",
        "始建年（仅录唐五代）": "",
        "备注": "",
        "是否为馆驿": "",
        "引用台湾图数据出处": ""
      }
    },
    {
      "type": "Feature",
      "geometry": {
        "type": "Point",
        "coordinates": [
          109.446479,
          34.494563
        ]
      },
      "properties": {
        "整理后的馆驿名称": "杜化驿",
        "相对于741年州县位置/大致范围": "渭南县",
        "精确定位参考（里距/现代村镇）": "渭南县西十三里",
        "道（十五道）": "京畿道",
        "府州": "京兆府",
        "县": "渭南县",
        "精度": "3",
        "资料出处": "《新唐书》卷一三八《路嗣恭传》",
        "驿路名（如果有的话）": "",
        "始建年（仅录唐五代）": "",
        "备注": "",
        "是否为馆驿": "",
        "引用台湾图数据出处": ""
      }
    },
    {
      "type": "Feature",
      "geometry": {
        "type": "Point",
        "coordinates": [
          109.458663,
          34.072513
        ]
      },
      "properties": {
        "整理后的馆驿名称": "蓝桥驿",
        "相对于741年州县位置/大致范围": "蓝田县",
        "精确定位参考（里距/现代村镇）": "蓝田县东南十五里",
        "道（十五道）": "京畿道",
        "府州": "京兆府",
        "县": "蓝田县",
        "精度": "1",
        "资料出处": "《白居易集》卷一五",
        "驿路名（如果有的话）": "蓝田武关道",
        "始建年（仅录唐五代）": "",
        "备注": "",
        "是否为馆驿": "",
        "引用台湾图数据出处": ""
      }
    },
    {
      "type": "Feature",
      "geometry": {
        "type": "Point",
        "coordinates": [
          109.50124,
          34.503
        ]
      },
      "properties": {
        "整理后的馆驿名称": "原阙",
        "相对于741年州县位置/大致范围": "渭南县",
        "精确定位参考（里距/现代村镇）": "渭南县内",
        "道（十五道）": "京畿道",
        "府州": "京兆府",
        "县": "渭南县",
        "精度": "1",
        "资料出处": "",
        "驿路名（如果有的话）": "",
        "始建年（仅录唐五代）": "",
        "备注": "",
        "是否为馆驿": "",
        "引用台湾图数据出处": ""
      }
    },
    {
      "type": "Feature",
      "geometry": {
        "type": "Point",
        "coordinates": [
          109.522771,
          35.011887
        ]
      },
      "properties": {
        "整理后的馆驿名称": "通智驿",
        "相对于741年州县位置/大致范围": "通智驿在蒲城县西北景陵下去县二十里",
        "精确定位参考（里距/现代村镇）": "",
        "道（十五道）": "京畿道",
        "府州": "京兆府",
        "县": "奉先县",
        "精度": "2",
        "资料出处": "《长安志》",
        "驿路名（如果有的话）": "",
        "始建年（仅录唐五代）": "",
        "备注": "",
        "是否为馆驿": "",
        "引用台湾图数据出处": "2.0"
      }
    },
    {
      "type": "Feature",
      "geometry": {
        "type": "Point",
        "coordinates": [
          109.533909,
          34.981914
        ]
      },
      "properties": {
        "整理后的馆驿名称": "昌宁驿",
        "相对于741年州县位置/大致范围": "蒲城县内",
        "精确定位参考（里距/现代村镇）": "",
        "道（十五道）": "京畿道",
        "府州": "京兆府",
        "县": "奉先县",
        "精度": "2",
        "资料出处": "长安志一八蒲城县",
        "驿路名（如果有的话）": "",
        "始建年（仅录唐五代）": "",
        "备注": "",
        "是否为馆驿": "",
        "引用台湾图数据出处": ""
      }
    },
    {
      "type": "Feature",
      "geometry": {
        "type": "Point",
        "coordinates": [
          109.5474657,
          35.03340041
        ]
      },
      "properties": {
        "整理后的馆驿名称": "尧山驿",
        "相对于741年州县位置/大致范围": "在蒲城县北光陵下，去县十里。",
        "精确定位参考（里距/现代村镇）": "",
        "道（十五道）": "京畿道",
        "府州": "京兆府",
        "县": "奉先县",
        "精度": "2",
        "资料出处": "",
        "驿路名（如果有的话）": "",
        "始建年（仅录唐五代）": "",
        "备注": "",
        "是否为馆驿": "",
        "引用台湾图数据出处": "2.0"
      }
    },
    {
      "type": "Feature",
      "geometry": {
        "type": "Point",
        "coordinates": [
          109.565998,
          34.497916
        ]
      },
      "properties": {
        "整理后的馆驿名称": "赤水驿",
        "相对于741年州县位置/大致范围": "渭南县",
        "精确定位参考（里距/现代村镇）": "在赤水谷，盖西侧。又东二十五里至华州治所郑县（今华县），去长安一百八十里。",
        "道（十五道）": "京畿道",
        "府州": "京兆府",
        "县": "渭南县",
        "精度": "1",
        "资料出处": "《全唐诗》卷六五四罗邺",
        "驿路名（如果有的话）": "",
        "始建年（仅录唐五代）": "",
        "备注": "",
        "是否为馆驿": "",
        "引用台湾图数据出处": "2.0"
      }
    },
    {
      "type": "Feature",
      "geometry": {
        "type": "Point",
        "coordinates": [
          109.597872,
          31.022473
        ]
      },
      "properties": {
        "整理后的馆驿名称": "瞿塘驿",
        "相对于741年州县位置/大致范围": "",
        "精确定位参考（里距/现代村镇）": "",
        "道（十五道）": "山南东道",
        "府州": "夔州",
        "县": "奉节县",
        "精度": "2",
        "资料出处": "《全唐文》卷544《夔州都督府記》：城之左五里。得鹽泉十四。居民煮而利焉。又西而稍南三四里。得八陣圖。在沙州之壖。此諸葛所以示人於行兵者也。分其列陣。隱在石壘。春而潦大則沒。秋而波減則露。造化之力。不能推移。所以見作者之能。瞿塘驛西有蜀先主宫。瀼西有諸葛武侯廟。皆占顯勝。城東北約三百步有孔子廟。赤甲山之半。廟本源乾曜廨。常爲郡參軍。著圖經焉。其後爲宰相。今其地又爲孔子廟。傳者稱爲盛事矣。東水行一百七里。得縣曰巫山。",
        "驿路名（如果有的话）": "",
        "始建年（仅录唐五代）": "",
        "备注": "",
        "是否为馆驿": "",
        "引用台湾图数据出处": ""
      }
    },
    {
      "type": "Feature",
      "geometry": {
        "type": "Point",
        "coordinates": [
          109.599947,
          34.495675
        ]
      },
      "properties": {
        "整理后的馆驿名称": "东阳驿",
        "相对于741年州县位置/大致范围": "渭南县",
        "精确定位参考（里距/现代村镇）": "渭南县东十三里",
        "道（十五道）": "京畿道",
        "府州": "京兆府",
        "县": "渭南县",
        "精度": "1",
        "资料出处": "《新唐书》卷一三八《路嗣恭传》",
        "驿路名（如果有的话）": "",
        "始建年（仅录唐五代）": "",
        "备注": "",
        "是否为馆驿": "",
        "引用台湾图数据出处": "2.0"
      }
    },
    {
      "type": "Feature",
      "geometry": {
        "type": "Point",
        "coordinates": [
          109.643471,
          32.901759
        ]
      },
      "properties": {
        "整理后的馆驿名称": "圣公馆",
        "相对于741年州县位置/大致范围": "",
        "精确定位参考（里距/现代村镇）": "",
        "道（十五道）": "山南东道",
        "府州": "金州",
        "县": "",
        "精度": "3",
        "资料出处": "",
        "驿路名（如果有的话）": "",
        "始建年（仅录唐五代）": "",
        "备注": "",
        "是否为馆驿": "",
        "引用台湾图数据出处": "2.0"
      }
    },
    {
      "type": "Feature",
      "geometry": {
        "type": "Point",
        "coordinates": [
          109.653572,
          34.503264
        ]
      },
      "properties": {
        "整理后的馆驿名称": "普德驿",
        "相对于741年州县位置/大致范围": "华州郑县",
        "精确定位参考（里距/现代村镇）": "在华州治",
        "道（十五道）": "京畿道",
        "府州": "华州",
        "县": "郑县",
        "精度": "2",
        "资料出处": "崔佑甫滑亭新驿碑阴记（全唐文四〇九）",
        "驿路名（如果有的话）": "两京驿路",
        "始建年（仅录唐五代）": "",
        "备注": "",
        "是否为馆驿": "",
        "引用台湾图数据出处": ""
      }
    },
    {
      "type": "Feature",
      "geometry": {
        "type": "Point",
        "coordinates": [
          109.6681015,
          35.03780746
        ]
      },
      "properties": {
        "整理后的馆驿名称": "孝城驿",
        "相对于741年州县位置/大致范围": "孝城驿在蒲城县东北泰陵下去县三十里",
        "精确定位参考（里距/现代村镇）": "",
        "道（十五道）": "京畿道",
        "府州": "京兆府",
        "县": "奉先县",
        "精度": "2",
        "资料出处": "《长安志》",
        "驿路名（如果有的话）": "",
        "始建年（仅录唐五代）": "",
        "备注": "",
        "是否为馆驿": "",
        "引用台湾图数据出处": "2.0"
      }
    },
    {
      "type": "Feature",
      "geometry": {
        "type": "Point",
        "coordinates": [
          109.707052,
          34.534684
        ]
      },
      "properties": {
        "整理后的馆驿名称": "佑顺馆",
        "相对于741年州县位置/大致范围": "郑县",
        "精确定位参考（里距/现代村镇）": "县治",
        "道（十五道）": "京畿道",
        "府州": "华州",
        "县": "郑县",
        "精度": "2",
        "资料出处": "《长安志》卷一七渭南县",
        "驿路名（如果有的话）": "",
        "始建年（仅录唐五代）": "",
        "备注": "",
        "是否为馆驿": "",
        "引用台湾图数据出处": "2.0"
      }
    },
    {
      "type": "Feature",
      "geometry": {
        "type": "Point",
        "coordinates": [
          109.779919,
          35.020018
        ]
      },
      "properties": {
        "整理后的馆驿名称": "贤相驿",
        "相对于741年州县位置/大致范围": "",
        "精确定位参考（里距/现代村镇）": "",
        "道（十五道）": "京畿道",
        "府州": "京兆府",
        "县": "",
        "精度": "3",
        "资料出处": "",
        "驿路名（如果有的话）": "",
        "始建年（仅录唐五代）": "",
        "备注": "",
        "是否为馆驿": "",
        "引用台湾图数据出处": "2.0"
      }
    },
    {
      "type": "Feature",
      "geometry": {
        "type": "Point",
        "coordinates": [
          109.812007,
          34.537358
        ]
      },
      "properties": {
        "整理后的馆驿名称": "敷水驿",
        "相对于741年州县位置/大致范围": "华阴县",
        "精确定位参考（里距/现代村镇）": "今华阴市敷水村",
        "道（十五道）": "京畿道",
        "府州": "华州",
        "县": "华阴县",
        "精度": "1",
        "资料出处": "《全唐诗》卷三五八刘禹锡",
        "驿路名（如果有的话）": "",
        "始建年（仅录唐五代）": "",
        "备注": "",
        "是否为馆驿": "",
        "引用台湾图数据出处": ""
      }
    },
    {
      "type": "Feature",
      "geometry": {
        "type": "Point",
        "coordinates": [
          109.8225839,
          34.65321309
        ]
      },
      "properties": {
        "整理后的馆驿名称": "兴德驿",
        "相对于741年州县位置/大致范围": "冯翊县",
        "精确定位参考（里距/现代村镇）": "冯翊县南三十里渭水北岸",
        "道（十五道）": "京畿道",
        "府州": "同州",
        "县": "冯翊县",
        "精度": "1",
        "资料出处": "李商隐有寄和水部马_中题兴德驿；六典六工部卷；元和志二同州冯翊县",
        "驿路名（如果有的话）": "长安太原道",
        "始建年（仅录唐五代）": "",
        "备注": "",
        "是否为馆驿": "",
        "引用台湾图数据出处": ""
      }
    },
    {
      "type": "Feature",
      "geometry": {
        "type": "Point",
        "coordinates": [
          109.828829,
          34.47973
        ]
      },
      "properties": {
        "整理后的馆驿名称": "石堤驿",
        "相对于741年州县位置/大致范围": "郑县",
        "精确定位参考（里距/现代村镇）": "在华州西",
        "道（十五道）": "京畿道",
        "府州": "华州",
        "县": "郑县",
        "精度": "2",
        "资料出处": "通鉴二六一",
        "驿路名（如果有的话）": "两京驿路",
        "始建年（仅录唐五代）": "",
        "备注": "",
        "是否为馆驿": "",
        "引用台湾图数据出处": "2.0"
      }
    },
    {
      "type": "Feature",
      "geometry": {
        "type": "Point",
        "coordinates": [
          109.945162,
          31.062016
        ]
      },
      "properties": {
        "整理后的馆驿名称": "云阳驿",
        "相对于741年州县位置/大致范围": "云阳县",
        "精确定位参考（里距/现代村镇）": "今泾阳西北长街镇",
        "道（十五道）": "京畿道",
        "府州": "京兆府",
        "县": "云阳县",
        "精度": "1",
        "资料出处": "张子容有云阳驿陪崔使君邵道士夜宴诗（全唐诗二函七册）",
        "驿路名（如果有的话）": "长安西通灵州道（北道）",
        "始建年（仅录唐五代）": "",
        "备注": "",
        "是否为馆驿": "",
        "引用台湾图数据出处": ""
      }
    },
    {
      "type": "Feature",
      "geometry": {
        "type": "Point",
        "coordinates": [
          119.569186,
          31.991558
        ]
      },
      "properties": {
        "整理后的馆驿名称": "云阳驿",
        "相对于741年州县位置/大致范围": "",
        "精确定位参考（里距/现代村镇）": "丹阳市城河路",
        "道（十五道）": "江南东道",
        "府州": "润州",
        "县": "曲阿县",
        "精度": "1",
        "资料出处": "《全唐诗》卷四六六周弘亮",
        "驿路名（如果有的话）": "",
        "始建年（仅录唐五代）": "",
        "备注": "",
        "是否为馆驿": "",
        "引用台湾图数据出处": "2.0"
      }
    },
    {
      "type": "Feature",
      "geometry": {
        "type": "Point",
        "coordinates": [
          109.945162,
          31.062016
        ]
      },
      "properties": {
        "整理后的馆驿名称": "云阳驿",
        "相对于741年州县位置/大致范围": "",
        "精确定位参考（里距/现代村镇）": "",
        "道（十五道）": "山南东道",
        "府州": "夔州",
        "县": "",
        "精度": "3",
        "资料出处": "",
        "驿路名（如果有的话）": "",
        "始建年（仅录唐五代）": "",
        "备注": "",
        "是否为馆驿": "",
        "引用台湾图数据出处": ""
      }
    },
    {
      "type": "Feature",
      "geometry": {
        "type": "Point",
        "coordinates": [
          110.0737808,
          34.56431228
        ]
      },
      "properties": {
        "整理后的馆驿名称": "长城驿",
        "相对于741年州县位置/大致范围": "华阴县",
        "精确定位参考（里距/现代村镇）": "敷水驿东北曰二十八里，又二里至华阴县",
        "道（十五道）": "京畿道",
        "府州": "华州",
        "县": "华阴县",
        "精度": "1",
        "资料出处": "《旧唐书》卷一九_下《吴通玄传》",
        "驿路名（如果有的话）": "两京驿路",
        "始建年（仅录唐五代）": "",
        "备注": "",
        "是否为馆驿": "",
        "引用台湾图数据出处": "2.0"
      }
    },
    {
      "type": "Feature",
      "geometry": {
        "type": "Point",
        "coordinates": [
          110.099683,
          33.750306
        ]
      },
      "properties": {
        "整理后的馆驿名称": "棣华驿",
        "相对于741年州县位置/大致范围": "",
        "精确定位参考（里距/现代村镇）": "棣花镇",
        "道（十五道）": "山南东道",
        "府州": "商州",
        "县": "商洛",
        "精度": "1",
        "资料出处": "",
        "驿路名（如果有的话）": "商山路",
        "始建年（仅录唐五代）": "",
        "备注": "",
        "是否为馆驿": "",
        "引用台湾图数据出处": ""
      }
    },
    {
      "type": "Feature",
      "geometry": {
        "type": "Point",
        "coordinates": [
          110.164221,
          34.609405
        ]
      },
      "properties": {
        "整理后的馆驿名称": "定城驿",
        "相对于741年州县位置/大致范围": "华阴县",
        "精确定位参考（里距/现代村镇）": "华阴县东九里",
        "道（十五道）": "京畿道",
        "府州": "华州",
        "县": "华阴县",
        "精度": "1",
        "资料出处": "《太平寰宇记》卷二九华州华阴县",
        "驿路名（如果有的话）": "",
        "始建年（仅录唐五代）": "",
        "备注": "",
        "是否为馆驿": "",
        "引用台湾图数据出处": ""
      }
    },
    {
      "type": "Feature",
      "geometry": {
        "type": "Point",
        "coordinates": [
          110.26251,
          33.70886
        ]
      },
      "properties": {
        "整理后的馆驿名称": "青云馆（驿）",
        "相对于741年州县位置/大致范围": "",
        "精确定位参考（里距/现代村镇）": "",
        "道（十五道）": "山南东道",
        "府州": "商州",
        "县": "商洛县",
        "精度": "3",
        "资料出处": "《杜牧集系年校注·题青云馆》；《元丰九域志》卷3《永兴军路》：商洛。州東八十里。二鄉。青雲一鎮。有商山、商洛水。",
        "驿路名（如果有的话）": "",
        "始建年（仅录唐五代）": "",
        "备注": "",
        "是否为馆驿": "",
        "引用台湾图数据出处": ""
      }
    },
    {
      "type": "Feature",
      "geometry": {
        "type": "Point",
        "coordinates": [
          110.2911002,
          34.60393821
        ]
      },
      "properties": {
        "整理后的馆驿名称": "潼关驿（关西驿）",
        "相对于741年州县位置/大致范围": "华阴县",
        "精确定位参考（里距/现代村镇）": "在潼关西",
        "道（十五道）": "京畿道",
        "府州": "京兆府",
        "县": "华阴县",
        "精度": "1",
        "资料出处": "《资治通鉴》卷二一八",
        "驿路名（如果有的话）": "两京驿路",
        "始建年（仅录唐五代）": "",
        "备注": "",
        "是否为馆驿": "",
        "引用台湾图数据出处": ""
      }
    },
    {
      "type": "Feature",
      "geometry": {
        "type": "Point",
        "coordinates": [
          110.2968644,
          25.30188519
        ]
      },
      "properties": {
        "整理后的馆驿名称": "桂州驿（望秦驿）",
        "相对于741年州县位置/大致范围": "",
        "精确定位参考（里距/现代村镇）": "桂州虞山",
        "道（十五道）": "岭南道",
        "府州": "桂州",
        "县": "始安县",
        "精度": "1",
        "资料出处": "《旧唐书》卷一八六下周利贞传",
        "驿路名（如果有的话）": "",
        "始建年（仅录唐五代）": "",
        "备注": "",
        "是否为馆驿": "",
        "引用台湾图数据出处": ""
      }
    },
    {
      "type": "Feature",
      "geometry": {
        "type": "Point",
        "coordinates": [
          110.342685,
          38.442323
        ]
      },
      "properties": {
        "整理后的馆驿名称": "柘珍驿",
        "相对于741年州县位置/大致范围": "银城县",
        "精确定位参考（里距/现代村镇）": "开光县北三十里",
        "道（十五道）": "关内道",
        "府州": "胜州",
        "县": "银城县",
        "精度": "1",
        "资料出处": "通典一七三银州",
        "驿路名（如果有的话）": "长安胜州道",
        "始建年（仅录唐五代）": "",
        "备注": "",
        "是否为馆驿": "",
        "引用台湾图数据出处": ""
      }
    },
    {
      "type": "Feature",
      "geometry": {
        "type": "Point",
        "coordinates": [
          110.3534153,
          34.80796489
        ]
      },
      "properties": {
        "整理后的馆驿名称": "甘泉驿",
        "相对于741年州县位置/大致范围": "蒲州。无法精确到县。",
        "精确定位参考（里距/现代村镇）": "",
        "道（十五道）": "河东道",
        "府州": "蒲州",
        "县": "",
        "精度": "3",
        "资料出处": "《旧五代史》：“以蒲州肇迹之地。",
        "驿路名（如果有的话）": "",
        "始建年（仅录唐五代）": "",
        "备注": "",
        "是否为馆驿": "",
        "引用台湾图数据出处": "2.0"
      }
    },
    {
      "type": "Feature",
      "geometry": {
        "type": "Point",
        "coordinates": [
          110.403053,
          33.734828
        ]
      },
      "properties": {
        "整理后的馆驿名称": "武关驿",
        "相对于741年州县位置/大致范围": "唐商洛县东90里",
        "精确定位参考（里距/现代村镇）": "",
        "道（十五道）": "山南东道",
        "府州": "商州",
        "县": "商洛县",
        "精度": "1",
        "资料出处": "《元和郡县图志·关内道》：武關，在縣東九十里",
        "驿路名（如果有的话）": "",
        "始建年（仅录唐五代）": "",
        "备注": "",
        "是否为馆驿": "",
        "引用台湾图数据出处": "2.0"
      }
    },
    {
      "type": "Feature",
      "geometry": {
        "type": "Point",
        "coordinates": [
          110.408982,
          34.590838
        ]
      },
      "properties": {
        "整理后的馆驿名称": "盘豆驿",
        "相对于741年州县位置/大致范围": "阌乡县西",
        "精确定位参考（里距/现代村镇）": "",
        "道（十五道）": "河东道",
        "府州": "虢州",
        "县": "阌乡",
        "精度": "3",
        "资料出处": "",
        "驿路名（如果有的话）": "",
        "始建年（仅录唐五代）": "",
        "备注": "",
        "是否为馆驿": "",
        "引用台湾图数据出处": ""
      }
    },
    {
      "type": "Feature",
      "geometry": {
        "type": "Point",
        "coordinates": [
          110.4489594,
          25.04219188
        ]
      },
      "properties": {
        "整理后的馆驿名称": "新林驿",
        "相对于741年州县位置/大致范围": "",
        "精确定位参考（里距/现代村镇）": "阳朔浪洲村",
        "道（十五道）": "岭南道",
        "府州": "桂州",
        "县": "阳朔县",
        "精度": "1",
        "资料出处": "《全唐诗》卷八六七",
        "驿路名（如果有的话）": "",
        "始建年（仅录唐五代）": "",
        "备注": "",
        "是否为馆驿": "",
        "引用台湾图数据出处": ""
      }
    },
    {
      "type": "Feature",
      "geometry": {
        "type": "Point",
        "coordinates": [
          110.376697,
          38.819317
        ]
      },
      "properties": {
        "整理后的馆驿名称": "铁鳞驿",
        "相对于741年州县位置/大致范围": "胜州连谷县",
        "精确定位参考（里距/现代村镇）": "麟州州治，今神木稍北",
        "道（十五道）": "关内道",
        "府州": "胜州",
        "县": "连谷县",
        "精度": "2",
        "资料出处": "张震宿金河戍诗（全唐诗十一西七册）",
        "驿路名（如果有的话）": "",
        "始建年（仅录唐五代）": "",
        "备注": "",
        "是否为馆驿": "",
        "引用台湾图数据出处": "2.0"
      }
    },
    {
      "type": "Feature",
      "geometry": {
        "type": "Point",
        "coordinates": [
          110.550037,
          34.582148
        ]
      },
      "properties": {
        "整理后的馆驿名称": "湖城驿",
        "相对于741年州县位置/大致范围": "湖城县",
        "精确定位参考（里距/现代村镇）": "",
        "道（十五道）": "河东道",
        "府州": "虢州",
        "县": "湖城县",
        "精度": "1",
        "资料出处": "《全唐诗》卷三五四刘禹锡",
        "驿路名（如果有的话）": "",
        "始建年（仅录唐五代）": "",
        "备注": "",
        "是否为馆驿": "",
        "引用台湾图数据出处": "2.0"
      }
    },
    {
      "type": "Feature",
      "geometry": {
        "type": "Point",
        "coordinates": [
          110.656998,
          35.576883
        ]
      },
      "properties": {
        "整理后的馆驿名称": "龙门驿",
        "相对于741年州县位置/大致范围": "",
        "精确定位参考（里距/现代村镇）": "",
        "道（十五道）": "河东道",
        "府州": "绛州",
        "县": "龙门",
        "精度": "2",
        "资料出处": "《全唐诗》",
        "驿路名（如果有的话）": "",
        "始建年（仅录唐五代）": "",
        "备注": "",
        "是否为馆驿": "",
        "引用台湾图数据出处": ""
      }
    },
    {
      "type": "Feature",
      "geometry": {
        "type": "Point",
        "coordinates": [
          110.73206,
          34.59143
        ]
      },
      "properties": {
        "整理后的馆驿名称": "污池驿",
        "相对于741年州县位置/大致范围": "铸鼎原所在荆山北侧，与崤山在两山之间",
        "精确定位参考（里距/现代村镇）": "",
        "道（十五道）": "河东道",
        "府州": "虢州",
        "县": "湖城县",
        "精度": "1",
        "资料出处": "《潏水集》卷六",
        "驿路名（如果有的话）": "",
        "始建年（仅录唐五代）": "",
        "备注": "",
        "是否为馆驿": "",
        "引用台湾图数据出处": ""
      }
    },
    {
      "type": "Feature",
      "geometry": {
        "type": "Point",
        "coordinates": [
          110.828887,
          33.544902
        ]
      },
      "properties": {
        "整理后的馆驿名称": "层峰驿",
        "相对于741年州县位置/大致范围": "",
        "精确定位参考（里距/现代村镇）": "",
        "道（十五道）": "山南东道",
        "府州": "商州",
        "县": "",
        "精度": "3",
        "资料出处": "《杜牧集系年校注·將出关宿层峰驿却寄李谏议》",
        "驿路名（如果有的话）": "商山路",
        "始建年（仅录唐五代）": "",
        "备注": "",
        "是否为馆驿": "",
        "引用台湾图数据出处": "2.0"
      }
    },
    {
      "type": "Feature",
      "geometry": {
        "type": "Point",
        "coordinates": [
          110.882284,
          35.138344
        ]
      },
      "properties": {
        "整理后的馆驿名称": "青台驿",
        "相对于741年州县位置/大致范围": "蒲州蚩尤城青台下",
        "精确定位参考（里距/现代村镇）": "",
        "道（十五道）": "河东道",
        "府州": "蒲州",
        "县": "",
        "精度": "3",
        "资料出处": "",
        "驿路名（如果有的话）": "",
        "始建年（仅录唐五代）": "",
        "备注": "",
        "是否为馆驿": "",
        "引用台湾图数据出处": "2.0"
      }
    },
    {
      "type": "Feature",
      "geometry": {
        "type": "Point",
        "coordinates": [
          110.883621,
          35.589585
        ]
      },
      "properties": {
        "整理后的馆驿名称": "稷山驿",
        "相对于741年州县位置/大致范围": "",
        "精确定位参考（里距/现代村镇）": "",
        "道（十五道）": "河东道",
        "府州": "绛州",
        "县": "",
        "精度": "3",
        "资料出处": "",
        "驿路名（如果有的话）": "",
        "始建年（仅录唐五代）": "",
        "备注": "",
        "是否为馆驿": "",
        "引用台湾图数据出处": ""
      }
    },
    {
      "type": "Feature",
      "geometry": {
        "type": "Point",
        "coordinates": [
          110.971621,
          33.511101
        ]
      },
      "properties": {
        "整理后的馆驿名称": "富水驿（阳城驿）",
        "相对于741年州县位置/大致范围": "唐武关以东",
        "精确定位参考（里距/现代村镇）": "今陝西商南縣東南富水鎮",
        "道（十五道）": "山南东道",
        "府州": "商州",
        "县": "商南县",
        "精度": "1",
        "资料出处": "《新编元稹集·商城驿》；《杜牧集系年校注·商山富水驿》；《白居易诗集校注》卷2《和阳城驿》",
        "驿路名（如果有的话）": "",
        "始建年（仅录唐五代）": "",
        "备注": "",
        "是否为馆驿": "",
        "引用台湾图数据出处": ""
      }
    },
    {
      "type": "Feature",
      "geometry": {
        "type": "Point",
        "coordinates": [
          111.048464,
          34.711561
        ]
      },
      "properties": {
        "整理后的馆驿名称": "嘉祥馆",
        "相对于741年州县位置/大致范围": "在三乡与永宁县之间，南北路自此分途处",
        "精确定位参考（里距/现代村镇）": "",
        "道（十五道）": "都畿道",
        "府州": "河南府",
        "县": "永宁县",
        "精度": "2",
        "资料出处": "《全唐诗》卷五五七孟迟《太平广记》卷一六八引《卢氏杂说》《唐阙史》卷下《卢左丞赴陕郊诗》《全唐诗》卷三〇一王建",
        "驿路名（如果有的话）": "两京驿路",
        "始建年（仅录唐五代）": "",
        "备注": "",
        "是否为馆驿": "",
        "引用台湾图数据出处": ""
      }
    },
    {
      "type": "Feature",
      "geometry": {
        "type": "Point",
        "coordinates": [
          111.15139,
          34.7918
        ]
      },
      "properties": {
        "整理后的馆驿名称": "甘棠驿",
        "相对于741年州县位置/大致范围": "陕州城中",
        "精确定位参考（里距/现代村镇）": "",
        "道（十五道）": "都畿道",
        "府州": "陕州",
        "县": "陕县",
        "精度": "1",
        "资料出处": "《旧五代史》卷八二《少帝纪二》",
        "驿路名（如果有的话）": "两京驿路",
        "始建年（仅录唐五代）": "",
        "备注": "",
        "是否为馆驿": "",
        "引用台湾图数据出处": ""
      }
    },
    {
      "type": "Feature",
      "geometry": {
        "type": "Point",
        "coordinates": [
          111.28712,
          30.70423
        ]
      },
      "properties": {
        "整理后的馆驿名称": "清溪馆",
        "相对于741年州县位置/大致范围": "",
        "精确定位参考（里距/现代村镇）": "",
        "道（十五道）": "山南东道",
        "府州": "峡州",
        "县": "夷陵县",
        "精度": "3",
        "资料出处": "《册府元龟》870：田遊巖，京兆三原人也。高祖永徽初，補太學生。後罷歸，遊於太白山。每有林泉會意，輒留連不能去。其母其妻有方外之志，與遊巖周遊山水二十餘年。後自巴蜀將遊荆楚，行至夷陵之靑溪館，有終焉之志，遂結廬溪側。荆州長史李安期薦之，制追赴京。至汝州，便辭疾入箕山，於許繇廟東築室而居，自稱“許繇東鄰”。頻召辟，不受。",
        "驿路名（如果有的话）": "",
        "始建年（仅录唐五代）": "",
        "备注": "",
        "是否为馆驿": "",
        "引用台湾图数据出处": "2.0"
      }
    },
    {
      "type": "Feature",
      "geometry": {
        "type": "Point",
        "coordinates": [
          111.325728,
          30.675183
        ]
      },
      "properties": {
        "整理后的馆驿名称": "夷陵水馆",
        "相对于741年州县位置/大致范围": "",
        "精确定位参考（里距/现代村镇）": "",
        "道（十五道）": "山南东道",
        "府州": "峡州",
        "县": "夷陵县",
        "精度": "3",
        "资料出处": "《全唐诗》卷477李涉《秋夜題夷陵水館》",
        "驿路名（如果有的话）": "",
        "始建年（仅录唐五代）": "",
        "备注": "",
        "是否为馆驿": "",
        "引用台湾图数据出处": ""
      }
    },
    {
      "type": "Feature",
      "geometry": {
        "type": "Point",
        "coordinates": [
          111.32635,
          34.64569
        ]
      },
      "properties": {
        "整理后的馆驿名称": "峡（硖）石驿",
        "相对于741年州县位置/大致范围": "县城中",
        "精确定位参考（里距/现代村镇）": "",
        "道（十五道）": "都畿道",
        "府州": "陕州",
        "县": "峡石县",
        "精度": "1",
        "资料出处": "《新唐书》卷一七七《高元裕传》《资治通鑑》卷二四九《唐语林》卷二",
        "驿路名（如果有的话）": "",
        "始建年（仅录唐五代）": "",
        "备注": "",
        "是否为馆驿": "1.0",
        "引用台湾图数据出处": "1.0"
      }
    },
    {
      "type": "Feature",
      "geometry": {
        "type": "Point",
        "coordinates": [
          111.645048,
          34.332127
        ]
      },
      "properties": {
        "整理后的馆驿名称": "莎栅驿",
        "相对于741年州县位置/大致范围": "",
        "精确定位参考（里距/现代村镇）": "",
        "道（十五道）": "都畿道",
        "府州": "河南府",
        "县": "永宁县",
        "精度": "3",
        "资料出处": "",
        "驿路名（如果有的话）": "",
        "始建年（仅录唐五代）": "",
        "备注": "",
        "是否为馆驿": "",
        "引用台湾图数据出处": ""
      }
    },
    {
      "type": "Feature",
      "geometry": {
        "type": "Point",
        "coordinates": [
          111.658852,
          24.336819
        ]
      },
      "properties": {
        "整理后的馆驿名称": "贺州驿",
        "相对于741年州县位置/大致范围": "",
        "精确定位参考（里距/现代村镇）": "",
        "道（十五道）": "岭南道",
        "府州": "贺州",
        "县": "临贺县",
        "精度": "2",
        "资料出处": "《中朝故事》",
        "驿路名（如果有的话）": "",
        "始建年（仅录唐五代）": "",
        "备注": "",
        "是否为馆驿": "",
        "引用台湾图数据出处": "2.0"
      }
    },
    {
      "type": "Feature",
      "geometry": {
        "type": "Point",
        "coordinates": [
          111.679896,
          40.167217
        ]
      },
      "properties": {
        "整理后的馆驿名称": "善阳驿",
        "相对于741年州县位置/大致范围": "",
        "精确定位参考（里距/现代村镇）": "",
        "道（十五道）": "关内道",
        "府州": "丰州",
        "县": "",
        "精度": "3",
        "资料出处": "",
        "驿路名（如果有的话）": "",
        "始建年（仅录唐五代）": "",
        "备注": "",
        "是否为馆驿": "",
        "引用台湾图数据出处": ""
      }
    },
    {
      "type": "Feature",
      "geometry": {
        "type": "Point",
        "coordinates": [
          111.6913,
          29.034807
        ]
      },
      "properties": {
        "整理后的馆驿名称": "潜水驿",
        "相对于741年州县位置/大致范围": "",
        "精确定位参考（里距/现代村镇）": "",
        "道（十五道）": "江南西道",
        "府州": "朗州",
        "县": "",
        "精度": "3",
        "资料出处": "卷四五〇白居易下沒有此驛，劉禹錫下有潛水驛，在朗州",
        "驿路名（如果有的话）": "",
        "始建年（仅录唐五代）": "",
        "备注": "",
        "是否为馆驿": "1.0",
        "引用台湾图数据出处": "2.0"
      }
    },
    {
      "type": "Feature",
      "geometry": {
        "type": "Point",
        "coordinates": [
          111.697191,
          34.488557
        ]
      },
      "properties": {
        "整理后的馆驿名称": "鹿桥驿",
        "相对于741年州县位置/大致范围": "永宁县中",
        "精确定位参考（里距/现代村镇）": "",
        "道（十五道）": "都畿道",
        "府州": "河南府",
        "县": "永宁县",
        "精度": "1",
        "资料出处": "《资治通鑑》卷二二二",
        "驿路名（如果有的话）": "两京驿路",
        "始建年（仅录唐五代）": "",
        "备注": "",
        "是否为馆驿": "",
        "引用台湾图数据出处": "2.0"
      }
    },
    {
      "type": "Feature",
      "geometry": {
        "type": "Point",
        "coordinates": [
          111.750003,
          36.585991
        ]
      },
      "properties": {
        "整理后的馆驿名称": "霍山驿",
        "相对于741年州县位置/大致范围": "",
        "精确定位参考（里距/现代村镇）": "",
        "道（十五道）": "河东道",
        "府州": "晋州",
        "县": "",
        "精度": "1",
        "资料出处": "",
        "驿路名（如果有的话）": "",
        "始建年（仅录唐五代）": "",
        "备注": "",
        "是否为馆驿": "",
        "引用台湾图数据出处": ""
      }
    },
    {
      "type": "Feature",
      "geometry": {
        "type": "Point",
        "coordinates": [
          111.76631,
          34.7652
        ]
      },
      "properties": {
        "整理后的馆驿名称": "沔池驿（渑池驿）",
        "相对于741年州县位置/大致范围": "渑池县城",
        "精确定位参考（里距/现代村镇）": "",
        "道（十五道）": "都畿道",
        "府州": "河南府",
        "县": "渑池县",
        "精度": "2",
        "资料出处": "《潏水集》卷一四",
        "驿路名（如果有的话）": "",
        "始建年（仅录唐五代）": "",
        "备注": "",
        "是否为馆驿": "",
        "引用台湾图数据出处": "2.0"
      }
    },
    {
      "type": "Feature",
      "geometry": {
        "type": "Point",
        "coordinates": [
          111.781423,
          36.723703
        ]
      },
      "properties": {
        "整理后的馆驿名称": "雁归驿",
        "相对于741年州县位置/大致范围": "",
        "精确定位参考（里距/现代村镇）": "",
        "道（十五道）": "河东道",
        "府州": "汾州",
        "县": "",
        "精度": "2",
        "资料出处": "",
        "驿路名（如果有的话）": "",
        "始建年（仅录唐五代）": "",
        "备注": "",
        "是否为馆驿": "",
        "引用台湾图数据出处": "2.0"
      }
    },
    {
      "type": "Feature",
      "geometry": {
        "type": "Point",
        "coordinates": [
          111.811506,
          34.330456
        ]
      },
      "properties": {
        "整理后的馆驿名称": "三乡驿",
        "相对于741年州县位置/大致范围": "今三乡镇",
        "精确定位参考（里距/现代村镇）": "",
        "道（十五道）": "都畿道",
        "府州": "河南府",
        "县": "寿安县",
        "精度": "1",
        "资料出处": "《云溪友议》卷中《三乡略》引王条诗",
        "驿路名（如果有的话）": "两京驿路",
        "始建年（仅录唐五代）": "",
        "备注": "",
        "是否为馆驿": "",
        "引用台湾图数据出处": ""
      }
    },
    {
      "type": "Feature",
      "geometry": {
        "type": "Point",
        "coordinates": [
          111.8544316,
          37.92811696
        ]
      },
      "properties": {
        "整理后的馆驿名称": "孔河馆",
        "相对于741年州县位置/大致范围": "岚州西南五十里",
        "精确定位参考（里距/现代村镇）": "娄烦县东南约20公里的孔河沟村",
        "道（十五道）": "河东道",
        "府州": "岚州",
        "县": "静乐县",
        "精度": "1",
        "资料出处": "《旧唐书》",
        "驿路名（如果有的话）": "",
        "始建年（仅录唐五代）": "",
        "备注": "",
        "是否为馆驿": "",
        "引用台湾图数据出处": "2.0"
      }
    },
    {
      "type": "Feature",
      "geometry": {
        "type": "Point",
        "coordinates": [
          111.862312,
          36.920578
        ]
      },
      "properties": {
        "整理后的馆驿名称": "冷泉驿",
        "相对于741年州县位置/大致范围": "正对着介山",
        "精确定位参考（里距/现代村镇）": "绵山对面",
        "道（十五道）": "河东道",
        "府州": "隰州",
        "县": "介休",
        "精度": "2",
        "资料出处": "《全唐诗》",
        "驿路名（如果有的话）": "",
        "始建年（仅录唐五代）": "",
        "备注": "",
        "是否为馆驿": "",
        "引用台湾图数据出处": ""
      }
    },
    {
      "type": "Feature",
      "geometry": {
        "type": "Point",
        "coordinates": [
          111.9227986,
          34.49189766
        ]
      },
      "properties": {
        "整理后的馆驿名称": "宜阳馆",
        "相对于741年州县位置/大致范围": "今韩城镇",
        "精确定位参考（里距/现代村镇）": "",
        "道（十五道）": "都畿道",
        "府州": "河南府",
        "县": "寿安县",
        "精度": "1",
        "资料出处": "《全唐诗》卷三_九李约",
        "驿路名（如果有的话）": "",
        "始建年（仅录唐五代）": "",
        "备注": "",
        "是否为馆驿": "",
        "引用台湾图数据出处": "1.0"
      }
    },
    {
      "type": "Feature",
      "geometry": {
        "type": "Point",
        "coordinates": [
          112.041137,
          34.521147
        ]
      },
      "properties": {
        "整理后的馆驿名称": "柳泉驿",
        "相对于741年州县位置/大致范围": "",
        "精确定位参考（里距/现代村镇）": "今柳泉镇",
        "道（十五道）": "都畿道",
        "府州": "河南府",
        "县": "寿安县",
        "精度": "2",
        "资料出处": "《资治通鑑》卷二二二《太平御览》卷一一引《唐书》",
        "驿路名（如果有的话）": "两京驿路",
        "始建年（仅录唐五代）": "",
        "备注": "",
        "是否为馆驿": "",
        "引用台湾图数据出处": ""
      }
    },
    {
      "type": "Feature",
      "geometry": {
        "type": "Point",
        "coordinates": [
          112.08096,
          32.68483
        ]
      },
      "properties": {
        "整理后的馆驿名称": "官军驿",
        "相对于741年州县位置/大致范围": "",
        "精确定位参考（里距/现代村镇）": "",
        "道（十五道）": "山南东道",
        "府州": "邓州",
        "县": "穰县",
        "精度": "3",
        "资料出处": "《刘禹锡全集编年校注·顺阳歌》；《史記·張釋之傳》正義引《括地志》：「順陽故城在鄧州穰縣西三十里，楚之郇邑也。」",
        "驿路名（如果有的话）": "",
        "始建年（仅录唐五代）": "",
        "备注": "",
        "是否为馆驿": "",
        "引用台湾图数据出处": "1.0"
      }
    },
    {
      "type": "Feature",
      "geometry": {
        "type": "Point",
        "coordinates": [
          112.093378,
          30.84453
        ]
      },
      "properties": {
        "整理后的馆驿名称": "团林驿",
        "相对于741年州县位置/大致范围": "",
        "精确定位参考（里距/现代村镇）": "据《旧唐书·僖宗本纪》所载推测，唐代团林驿可能在今湖北荆门团林铺镇",
        "道（十五道）": "山南东道",
        "府州": "荆州",
        "县": "荆门县",
        "精度": "1",
        "资料出处": "《旧唐书》卷19下《僖宗本纪》：三月，賊悉衆欲寇襄陽，江西招討使曹全晸與襄陽節度使劉巨容謀拒之。時營於荆門，賊軍一萬屯於團林驛。全晸命巨容悉以精甲陣於林薄之中，自以騎軍挑戰，僞不勝而遁。賊大乘之，比至荆門，其徒不成列，巨容發伏擊之，賊大潰而走。全晸鐵騎急追之，比至江陵，十俘七八",
        "驿路名（如果有的话）": "",
        "始建年（仅录唐五代）": "",
        "备注": "",
        "是否为馆驿": "",
        "引用台湾图数据出处": ""
      }
    },
    {
      "type": "Feature",
      "geometry": {
        "type": "Point",
        "coordinates": [
          112.157354,
          31.98977
        ]
      },
      "properties": {
        "整理后的馆驿名称": "岘山驿",
        "相对于741年州县位置/大致范围": "岘山",
        "精确定位参考（里距/现代村镇）": "岘山",
        "道（十五道）": "山南东道",
        "府州": "襄州",
        "县": "襄阳县",
        "精度": "1",
        "资料出处": "《孟浩然诗集校注》卷4《峴亭餞房琯崔宗之》：貴賤平生隔，軒車是日來。青陽一覯止，雲路豁然開。祖道衣冠列，分亭驛騎催。方期九日聚，還待二星迴",
        "驿路名（如果有的话）": "",
        "始建年（仅录唐五代）": "",
        "备注": "",
        "是否为馆驿": "",
        "引用台湾图数据出处": ""
      }
    },
    {
      "type": "Feature",
      "geometry": {
        "type": "Point",
        "coordinates": [
          112.1587,
          32.02652
        ]
      },
      "properties": {
        "整理后的馆驿名称": "凤台驿",
        "相对于741年州县位置/大致范围": "宋代襄阳县旧罗城东门外",
        "精确定位参考（里距/现代村镇）": "",
        "道（十五道）": "山南东道",
        "府州": "襄州",
        "县": "襄阳县",
        "精度": "2",
        "资料出处": "《东轩笔录》卷11；《舆地纪胜》卷82《襄阳府》：鳳臺驛在襄陽縣。舊羅城東門外，昔南關有處女學綉鳳凰，一日成功仙去。見仙釋門。",
        "驿路名（如果有的话）": "",
        "始建年（仅录唐五代）": "",
        "备注": "",
        "是否为馆驿": "",
        "引用台湾图数据出处": ""
      }
    },
    {
      "type": "Feature",
      "geometry": {
        "type": "Point",
        "coordinates": [
          112.1587,
          32.02652
        ]
      },
      "properties": {
        "整理后的馆驿名称": "桃林馆",
        "相对于741年州县位置/大致范围": "唐襄阳县南（是饯别的地方，距离襄阳县城不会太远）",
        "精确定位参考（里距/现代村镇）": "",
        "道（十五道）": "山南东道",
        "府州": "襄州",
        "县": "襄阳县",
        "精度": "2",
        "资料出处": "《艺文类聚》卷63：世说曰：魏明帝为外祖母筑馆于甄氏，既成，谓左右曰：馆当何以为名？侍中缪龙曰：陛下圣思齐于哲王，罔极过于曾闵，此馆之兴，情钟舅氏，肯以渭阳之名。荆州图副曰：襄阳县南有桃林馆，是则饯行送归之所萃也。诗晋秦宏拟古诗曰：高馆百余。",
        "驿路名（如果有的话）": "",
        "始建年（仅录唐五代）": "",
        "备注": "",
        "是否为馆驿": "",
        "引用台湾图数据出处": ""
      }
    },
    {
      "type": "Feature",
      "geometry": {
        "type": "Point",
        "coordinates": [
          112.16522,
          34.51272
        ]
      },
      "properties": {
        "整理后的馆驿名称": "寿安南馆（水馆）",
        "相对于741年州县位置/大致范围": "",
        "精确定位参考（里距/现代村镇）": "",
        "道（十五道）": "都畿道",
        "府州": "河南府",
        "县": "寿安县",
        "精度": "1",
        "资料出处": "《全唐诗》卷二九七王建，《全唐诗》卷五六一薛能",
        "驿路名（如果有的话）": "",
        "始建年（仅录唐五代）": "",
        "备注": "",
        "是否为馆驿": "",
        "引用台湾图数据出处": ""
      }
    },
    {
      "type": "Feature",
      "geometry": {
        "type": "Point",
        "coordinates": [
          112.16522,
          34.51272
        ]
      },
      "properties": {
        "整理后的馆驿名称": "通津驿",
        "相对于741年州县位置/大致范围": "原陕州甘棠驿",
        "精确定位参考（里距/现代村镇）": "",
        "道（十五道）": "都畿道",
        "府州": "陕州",
        "县": "陕县",
        "精度": "1",
        "资料出处": "《旧五代史》卷八二《少帝纪二》",
        "驿路名（如果有的话）": "",
        "始建年（仅录唐五代）": "943",
        "备注": "",
        "是否为馆驿": "",
        "引用台湾图数据出处": ""
      }
    },
    {
      "type": "Feature",
      "geometry": {
        "type": "Point",
        "coordinates": [
          112.17672,
          31.80449
        ]
      },
      "properties": {
        "整理后的馆驿名称": "善谑驿",
        "相对于741年州县位置/大致范围": "在宋宜城县北15里（即唐率道县）",
        "精确定位参考（里距/现代村镇）": "",
        "道（十五道）": "山南东道",
        "府州": "襄州",
        "县": "率道县",
        "精度": "1",
        "资料出处": "《柳宗元集校注》卷42《善謔驛和劉夢得酹淳于先生》；《方舆胜览》卷32《襄阳府》：善謔驛。襄州有驛，名善却，唐之———也。乃淳于髠放鵠處。柳宗元和劉禹錫———奠淳于先生者，即此地；宋人葉廷珪《海録碎事》卷四下：“善謔驛在宜城縣北十五里，淳于髡墓在其後，以此得名。”",
        "驿路名（如果有的话）": "",
        "始建年（仅录唐五代）": "",
        "备注": "",
        "是否为馆驿": "",
        "引用台湾图数据出处": ""
      }
    },
    {
      "type": "Feature",
      "geometry": {
        "type": "Point",
        "coordinates": [
          112.17672,
          31.80449
        ]
      },
      "properties": {
        "整理后的馆驿名称": "宜城驿",
        "相对于741年州县位置/大致范围": "唐率道县城内",
        "精确定位参考（里距/现代村镇）": "",
        "道（十五道）": "山南东道",
        "府州": "襄州",
        "县": "率道县",
        "精度": "1",
        "资料出处": "《五百家注韩昌黎集·记宜城驿》：此驛置在古宜城内，宜城驛東北有井，傳是昭王井，有靈異，至今人莫汲。",
        "驿路名（如果有的话）": "",
        "始建年（仅录唐五代）": "",
        "备注": "",
        "是否为馆驿": "",
        "引用台湾图数据出处": ""
      }
    },
    {
      "type": "Feature",
      "geometry": {
        "type": "Point",
        "coordinates": [
          112.182112,
          34.731215
        ]
      },
      "properties": {
        "整理后的馆驿名称": "新安驿",
        "相对于741年州县位置/大致范围": "据里距，可能在函谷关附近",
        "精确定位参考（里距/现代村镇）": "",
        "道（十五道）": "都畿道",
        "府州": "河南府",
        "县": "新安县",
        "精度": "2",
        "资料出处": "《太平寰宇记》卷五河南道渑池县",
        "驿路名（如果有的话）": "两京驿路",
        "始建年（仅录唐五代）": "",
        "备注": "",
        "是否为馆驿": "",
        "引用台湾图数据出处": "1.0"
      }
    },
    {
      "type": "Feature",
      "geometry": {
        "type": "Point",
        "coordinates": [
          107.530871,
          34.468851
        ]
      },
      "properties": {
        "整理后的馆驿名称": "横水驿",
        "相对于741年州县位置/大致范围": "岐山县",
        "精确定位参考（里距/现代村镇）": "今岐山县横水镇",
        "道（十五道）": "京畿道",
        "府州": "岐州",
        "县": "岐山县",
        "精度": "1",
        "资料出处": "丝绸之路东中段数据集",
        "驿路名（如果有的话）": "",
        "始建年（仅录唐五代）": "608",
        "备注": "90",
        "是否为馆驿": "",
        "引用台湾图数据出处": "1.0"
      }
    },
    {
      "type": "Feature",
      "geometry": {
        "type": "Point",
        "coordinates": [
          112.183529,
          34.901526
        ]
      },
      "properties": {
        "整理后的馆驿名称": "横水驿",
        "相对于741年州县位置/大致范围": "参照《中国历史地图集》",
        "精确定位参考（里距/现代村镇）": "孟津横水店",
        "道（十五道）": "都畿道",
        "府州": "河南府",
        "县": "洛阳县",
        "精度": "1",
        "资料出处": "",
        "驿路名（如果有的话）": "",
        "始建年（仅录唐五代）": "",
        "备注": "",
        "是否为馆驿": "",
        "引用台湾图数据出处": ""
      }
    },
    {
      "type": "Feature",
      "geometry": {
        "type": "Point",
        "coordinates": [
          112.19077,
          30.35044
        ]
      },
      "properties": {
        "整理后的馆驿名称": "江陵驿",
        "相对于741年州县位置/大致范围": "",
        "精确定位参考（里距/现代村镇）": "",
        "道（十五道）": "山南东道",
        "府州": "荆州",
        "县": "江陵县",
        "精度": "3",
        "资料出处": "《罗隐集·宿荆州江陵館》",
        "驿路名（如果有的话）": "",
        "始建年（仅录唐五代）": "",
        "备注": "",
        "是否为馆驿": "",
        "引用台湾图数据出处": ""
      }
    },
    {
      "type": "Feature",
      "geometry": {
        "type": "Point",
        "coordinates": [
          112.19077,
          30.35044
        ]
      },
      "properties": {
        "整理后的馆驿名称": "临沙驿",
        "相对于741年州县位置/大致范围": "",
        "精确定位参考（里距/现代村镇）": "",
        "道（十五道）": "山南东道",
        "府州": "荆州",
        "县": "江陵县",
        "精度": "3",
        "资料出处": "《全唐诗》卷293《題江陵臨沙驛》：樓江天淸更愁。風柳入江樓。雁惜楚山晩。蟬知秦樹秋。淒涼多獨醉。零落半同遊。豈復一作獲平生意。蒼然蘭杜洲。",
        "驿路名（如果有的话）": "",
        "始建年（仅录唐五代）": "",
        "备注": "",
        "是否为馆驿": "",
        "引用台湾图数据出处": ""
      }
    },
    {
      "type": "Feature",
      "geometry": {
        "type": "Point",
        "coordinates": [
          112.19077,
          30.35044
        ]
      },
      "properties": {
        "整理后的馆驿名称": "五花馆",
        "相对于741年州县位置/大致范围": "",
        "精确定位参考（里距/现代村镇）": "江陵城内",
        "道（十五道）": "山南东道",
        "府州": "荆州",
        "县": "江陵县",
        "精度": "2",
        "资料出处": "《南部新书》卷10：余之望又出武威。荆南旧有五花馆，待宾之上地也。故蒋肱上成汭诗云：「不是上台名姓字，五花宾馆敢从容。」",
        "驿路名（如果有的话）": "",
        "始建年（仅录唐五代）": "",
        "备注": "",
        "是否为馆驿": "",
        "引用台湾图数据出处": ""
      }
    },
    {
      "type": "Feature",
      "geometry": {
        "type": "Point",
        "coordinates": [
          112.22649,
          30.05753
        ]
      },
      "properties": {
        "整理后的馆驿名称": "公安驿",
        "相对于741年州县位置/大致范围": "",
        "精确定位参考（里距/现代村镇）": "",
        "道（十五道）": "山南东道",
        "府州": "荆州",
        "县": "公安县",
        "精度": "3",
        "资料出处": "《分门古今类事》卷四《归皓溺水》：侍郎盖承制所授兵部郎中耳。出纪异录高雅见怪高雅为荆湖转运使，尝至公安驿，假寐于厅上，忽闻人呼其姓名，雅惊起应之，见一人朱衣自地出，云：禄命俱尽。言讫不见。雅急行至荆南，果卒。",
        "驿路名（如果有的话）": "",
        "始建年（仅录唐五代）": "",
        "备注": "",
        "是否为馆驿": "",
        "引用台湾图数据出处": ""
      }
    },
    {
      "type": "Feature",
      "geometry": {
        "type": "Point",
        "coordinates": [
          112.246346,
          30.328572
        ]
      },
      "properties": {
        "整理后的馆驿名称": "临沙驿",
        "相对于741年州县位置/大致范围": "在临江处，或在沙市一带",
        "精确定位参考（里距/现代村镇）": "",
        "道（十五道）": "山南东道",
        "府州": "荆州",
        "县": "江陵县",
        "精度": "2",
        "资料出处": "《全唐诗》卷二九三司空曙",
        "驿路名（如果有的话）": "",
        "始建年（仅录唐五代）": "",
        "备注": "",
        "是否为馆驿": "",
        "引用台湾图数据出处": ""
      }
    },
    {
      "type": "Feature",
      "geometry": {
        "type": "Point",
        "coordinates": [
          112.272041,
          34.544394
        ]
      },
      "properties": {
        "整理后的馆驿名称": "寿安山阴馆",
        "相对于741年州县位置/大致范围": "县东十三里寿安山北",
        "精确定位参考（里距/现代村镇）": "",
        "道（十五道）": "都畿道",
        "府州": "河南府",
        "县": "寿安县",
        "精度": "2",
        "资料出处": "《全唐诗》卷八八四崔橹",
        "驿路名（如果有的话）": "",
        "始建年（仅录唐五代）": "",
        "备注": "",
        "是否为馆驿": "",
        "引用台湾图数据出处": "2.0"
      }
    },
    {
      "type": "Feature",
      "geometry": {
        "type": "Point",
        "coordinates": [
          112.346969,
          33.116532
        ]
      },
      "properties": {
        "整理后的馆驿名称": "曲河驿",
        "相对于741年州县位置/大致范围": "偃师县东，洛水北侧至巩义之间",
        "精确定位参考（里距/现代村镇）": "",
        "道（十五道）": "都畿道",
        "府州": "河南府",
        "县": "偃师县",
        "精度": "2",
        "资料出处": "《太平寰宇记》卷五河南道偃师县",
        "驿路名（如果有的话）": "",
        "始建年（仅录唐五代）": "",
        "备注": "",
        "是否为馆驿": "",
        "引用台湾图数据出处": "2.0"
      }
    },
    {
      "type": "Feature",
      "geometry": {
        "type": "Point",
        "coordinates": [
          112.346969,
          33.116532
        ]
      },
      "properties": {
        "整理后的馆驿名称": "曲河驿",
        "相对于741年州县位置/大致范围": "",
        "精确定位参考（里距/现代村镇）": "",
        "道（十五道）": "山南东道",
        "府州": "邓州",
        "县": "",
        "精度": "3",
        "资料出处": "《五百家注韩昌黎集》卷6《食曲河驿》",
        "驿路名（如果有的话）": "",
        "始建年（仅录唐五代）": "",
        "备注": "",
        "是否为馆驿": "",
        "引用台湾图数据出处": ""
      }
    },
    {
      "type": "Feature",
      "geometry": {
        "type": "Point",
        "coordinates": [
          112.356847,
          34.56333219
        ]
      },
      "properties": {
        "整理后的馆驿名称": "甘水驿（甘泉驿）",
        "相对于741年州县位置/大致范围": "洛阳西南三十里，甘水洛水交汇处",
        "精确定位参考（里距/现代村镇）": "取甘水河湿地公园",
        "道（十五道）": "都畿道",
        "府州": "河南府",
        "县": "河南县",
        "精度": "1",
        "资料出处": "《旧唐书》卷一三四《李师道传》；卷一五四《吕元膺传》",
        "驿路名（如果有的话）": "两京驿路",
        "始建年（仅录唐五代）": "",
        "备注": "",
        "是否为馆驿": "",
        "引用台湾图数据出处": ""
      }
    },
    {
      "type": "Feature",
      "geometry": {
        "type": "Point",
        "coordinates": [
          112.3697435,
          34.66056896
        ]
      },
      "properties": {
        "整理后的馆驿名称": "都亭驿（洛阳1）",
        "相对于741年州县位置/大致范围": "洛阳景行坊内",
        "精确定位参考（里距/现代村镇）": "",
        "道（十五道）": "都畿道",
        "府州": "河南府",
        "县": "洛阳县",
        "精度": "1",
        "资料出处": "唐_要__目、元河南志、唐_京城坊考五",
        "驿路名（如果有的话）": "两京驿路",
        "始建年（仅录唐五代）": "",
        "备注": "",
        "是否为馆驿": "",
        "引用台湾图数据出处": ""
      }
    },
    {
      "type": "Feature",
      "geometry": {
        "type": "Point",
        "coordinates": [
          112.376465,
          34.648748
        ]
      },
      "properties": {
        "整理后的馆驿名称": "临都驿",
        "相对于741年州县位置/大致范围": "洛阳城西南五六里，取孙旗屯位置",
        "精确定位参考（里距/现代村镇）": "",
        "道（十五道）": "都畿道",
        "府州": "河南府",
        "县": "洛阳县",
        "精度": "1",
        "资料出处": "《太平广记》卷二〇〇引《唐阙史》《刘宾客文集》外集卷一",
        "驿路名（如果有的话）": "两京驿路",
        "始建年（仅录唐五代）": "",
        "备注": "",
        "是否为馆驿": "",
        "引用台湾图数据出处": ""
      }
    },
    {
      "type": "Feature",
      "geometry": {
        "type": "Point",
        "coordinates": [
          112.4081639,
          39.30084741
        ]
      },
      "properties": {
        "整理后的馆驿名称": "善阳馆",
        "相对于741年州县位置/大致范围": "",
        "精确定位参考（里距/现代村镇）": "",
        "道（十五道）": "河东道",
        "府州": "朔州",
        "县": "善阳县",
        "精度": "2",
        "资料出处": "《全唐诗》",
        "驿路名（如果有的话）": "",
        "始建年（仅录唐五代）": "",
        "备注": "",
        "是否为馆驿": "",
        "引用台湾图数据出处": "2.0"
      }
    },
    {
      "type": "Feature",
      "geometry": {
        "type": "Point",
        "coordinates": [
          112.457623,
          34.561778
        ]
      },
      "properties": {
        "整理后的馆驿名称": "龙门驿",
        "相对于741年州县位置/大致范围": "",
        "精确定位参考（里距/现代村镇）": "",
        "道（十五道）": "都畿道",
        "府州": "河南府",
        "县": "河南县",
        "精度": "1",
        "资料出处": "",
        "驿路名（如果有的话）": "",
        "始建年（仅录唐五代）": "",
        "备注": "",
        "是否为馆驿": "",
        "引用台湾图数据出处": ""
      }
    },
    {
      "type": "Feature",
      "geometry": {
        "type": "Point",
        "coordinates": [
          112.442995,
          34.53253
        ]
      },
      "properties": {
        "整理后的馆驿名称": "伊川驿",
        "相对于741年州县位置/大致范围": "伊水边，在龙门与伊阙县之间，地望无考",
        "精确定位参考（里距/现代村镇）": "",
        "道（十五道）": "都畿道",
        "府州": "河南府",
        "县": "伊阙县",
        "精度": "2",
        "资料出处": "《全唐诗》卷三八王宏",
        "驿路名（如果有的话）": "",
        "始建年（仅录唐五代）": "",
        "备注": "",
        "是否为馆驿": "",
        "引用台湾图数据出处": ""
      }
    },
    {
      "type": "Feature",
      "geometry": {
        "type": "Point",
        "coordinates": [
          112.4446163,
          37.47479399
        ]
      },
      "properties": {
        "整理后的馆驿名称": "落漠驿",
        "相对于741年州县位置/大致范围": "",
        "精确定位参考（里距/现代村镇）": "",
        "道（十五道）": "河东道",
        "府州": "太原府",
        "县": "晋阳县",
        "精度": "2",
        "资料出处": "《全唐诗》",
        "驿路名（如果有的话）": "",
        "始建年（仅录唐五代）": "",
        "备注": "",
        "是否为馆驿": "",
        "引用台湾图数据出处": ""
      }
    },
    {
      "type": "Feature",
      "geometry": {
        "type": "Point",
        "coordinates": [
          112.456187,
          34.44579352
        ]
      },
      "properties": {
        "整理后的馆驿名称": "白沙馆",
        "相对于741年州县位置/大致范围": "洛阳南六十里伊水东岸",
        "精确定位参考（里距/现代村镇）": "",
        "道（十五道）": "都畿道",
        "府州": "河南府",
        "县": "河南县",
        "精度": "1",
        "资料出处": "《唐代交通图考》篇一",
        "驿路名（如果有的话）": "",
        "始建年（仅录唐五代）": "",
        "备注": "",
        "是否为馆驿": "",
        "引用台湾图数据出处": ""
      }
    },
    {
      "type": "Feature",
      "geometry": {
        "type": "Point",
        "coordinates": [
          112.4667006,
          23.0473547
        ]
      },
      "properties": {
        "整理后的馆驿名称": "端州驿",
        "相对于741年州县位置/大致范围": "",
        "精确定位参考（里距/现代村镇）": "广东肇庆阅江楼",
        "道（十五道）": "岭南道",
        "府州": "端州",
        "县": "高要县",
        "精度": "1",
        "资料出处": "《张燕公集》卷八；《全唐诗》卷八七张说",
        "驿路名（如果有的话）": "",
        "始建年（仅录唐五代）": "",
        "备注": "",
        "是否为馆驿": "",
        "引用台湾图数据出处": ""
      }
    },
    {
      "type": "Feature",
      "geometry": {
        "type": "Point",
        "coordinates": [
          112.4777937,
          34.65810582
        ]
      },
      "properties": {
        "整理后的馆驿名称": "都亭驿（河南）",
        "相对于741年州县位置/大致范围": "洛阳清化坊内",
        "精确定位参考（里距/现代村镇）": "",
        "道（十五道）": "都畿道",
        "府州": "河南府",
        "县": "河南县",
        "精度": "1",
        "资料出处": "唐_要__目、元河南志、唐_京城坊考五",
        "驿路名（如果有的话）": "两京驿路",
        "始建年（仅录唐五代）": "",
        "备注": "",
        "是否为馆驿": "",
        "引用台湾图数据出处": "1.0"
      }
    },
    {
      "type": "Feature",
      "geometry": {
        "type": "Point",
        "coordinates": [
          112.51611,
          37.512873
        ]
      },
      "properties": {
        "整理后的馆驿名称": "洞涡驿",
        "相对于741年州县位置/大致范围": "",
        "精确定位参考（里距/现代村镇）": "",
        "道（十五道）": "河东道",
        "府州": "太原府",
        "县": "",
        "精度": "3",
        "资料出处": "",
        "驿路名（如果有的话）": "",
        "始建年（仅录唐五代）": "",
        "备注": "",
        "是否为馆驿": "",
        "引用台湾图数据出处": "2.0"
      }
    },
    {
      "type": "Feature",
      "geometry": {
        "type": "Point",
        "coordinates": [
          112.522333,
          32.999622
        ]
      },
      "properties": {
        "整理后的馆驿名称": "南阳驿",
        "相对于741年州县位置/大致范围": "",
        "精确定位参考（里距/现代村镇）": "",
        "道（十五道）": "山南东道",
        "府州": "邓州",
        "县": "",
        "精度": "3",
        "资料出处": "",
        "驿路名（如果有的话）": "",
        "始建年（仅录唐五代）": "",
        "备注": "",
        "是否为馆驿": "",
        "引用台湾图数据出处": ""
      }
    },
    {
      "type": "Feature",
      "geometry": {
        "type": "Point",
        "coordinates": [
          112.526517,
          32.087206
        ]
      },
      "properties": {
        "整理后的馆驿名称": "蔡阳馆",
        "相对于741年州县位置/大致范围": "",
        "精确定位参考（里距/现代村镇）": "今枣阳县西55里",
        "道（十五道）": "山南东道",
        "府州": "襄州",
        "县": "",
        "精度": "1",
        "资料出处": "《孟浩然诗集校注》卷3《夕次蔡阳馆》（隋有蔡陽縣，屬舂陵郡，在郡治棗陽之西，襄陽之東，唐代廢縣。《清一統志·湖北·襄陽府》：“蔡陽故城在棗陽西南。……按：新舊《唐書·地理志》俱無蔡陽，亦不言省自何時，疑唐初省也”。據近人王榮先《棗陽縣志》載，蔡陽館在蔡陽故城，即今蔡陽鋪，在縣（棗陽）西五十五里。）",
        "驿路名（如果有的话）": "",
        "始建年（仅录唐五代）": "",
        "备注": "",
        "是否为馆驿": "",
        "引用台湾图数据出处": ""
      }
    },
    {
      "type": "Feature",
      "geometry": {
        "type": "Point",
        "coordinates": [
          112.5973863,
          34.26058868
        ]
      },
      "properties": {
        "整理后的馆驿名称": "李城驿（石壕驿、石城驿）",
        "相对于741年州县位置/大致范围": "741临汝县东北二十里，贞元二年县城移置于此",
        "精确定位参考（里距/现代村镇）": "今临汝镇",
        "道（十五道）": "都畿道",
        "府州": "汝州",
        "县": "临汝县",
        "精度": "1",
        "资料出处": "《太平寰宇记》卷八汝州",
        "驿路名（如果有的话）": "",
        "始建年（仅录唐五代）": "",
        "备注": "",
        "是否为馆驿": "",
        "引用台湾图数据出处": ""
      }
    },
    {
      "type": "Feature",
      "geometry": {
        "type": "Point",
        "coordinates": [
          112.651723,
          34.715838
        ]
      },
      "properties": {
        "整理后的馆驿名称": "积润驿",
        "相对于741年州县位置/大致范围": "在洛陽城上東門外三十裡、石橋之西",
        "精确定位参考（里距/现代村镇）": "石桥即汉魏洛阳城上东门石桥，取今东城墙遗址",
        "道（十五道）": "都畿道",
        "府州": "河南府",
        "县": "洛阳县",
        "精度": "1",
        "资料出处": "《册府元龟》卷一一四",
        "驿路名（如果有的话）": "洛汴驿路",
        "始建年（仅录唐五代）": "",
        "备注": "",
        "是否为馆驿": "",
        "引用台湾图数据出处": ""
      }
    },
    {
      "type": "Feature",
      "geometry": {
        "type": "Point",
        "coordinates": [
          112.699152,
          34.200046
        ]
      },
      "properties": {
        "整理后的馆驿名称": "郁阳驿",
        "相对于741年州县位置/大致范围": "汝州西三十里汝水上",
        "精确定位参考（里距/现代村镇）": "",
        "道（十五道）": "都畿道",
        "府州": "汝州",
        "县": "梁县",
        "精度": "1",
        "资料出处": "《太平广记》卷三六六引《三水小牍》",
        "驿路名（如果有的话）": "",
        "始建年（仅录唐五代）": "",
        "备注": "",
        "是否为馆驿": "",
        "引用台湾图数据出处": ""
      }
    },
    {
      "type": "Feature",
      "geometry": {
        "type": "Point",
        "coordinates": [
          112.7360908,
          37.27706598
        ]
      },
      "properties": {
        "整理后的馆驿名称": "梁侯驿",
        "相对于741年州县位置/大致范围": "潞州的北部边境，具体在河东南下潞州的驿道上，处于团柏谷与潞州之间。",
        "精确定位参考（里距/现代村镇）": "",
        "道（十五道）": "河东道",
        "府州": "潞州",
        "县": "",
        "精度": "3",
        "资料出处": "《宋史》",
        "驿路名（如果有的话）": "",
        "始建年（仅录唐五代）": "",
        "备注": "",
        "是否为馆驿": "",
        "引用台湾图数据出处": ""
      }
    },
    {
      "type": "Feature",
      "geometry": {
        "type": "Point",
        "coordinates": [
          112.7566,
          32.13202
        ]
      },
      "properties": {
        "整理后的馆驿名称": "广昌馆",
        "相对于741年州县位置/大致范围": "宋枣阳县南",
        "精确定位参考（里距/现代村镇）": "",
        "道（十五道）": "山南东道",
        "府州": "随州",
        "县": "枣阳县",
        "精度": "3",
        "资料出处": "《五百家注韩昌黎集》卷10《题广昌馆》，宋樊汝霖注：在今随州枣阳县南",
        "驿路名（如果有的话）": "",
        "始建年（仅录唐五代）": "",
        "备注": "",
        "是否为馆驿": "",
        "引用台湾图数据出处": ""
      }
    },
    {
      "type": "Feature",
      "geometry": {
        "type": "Point",
        "coordinates": [
          112.8245095,
          34.15726627
        ]
      },
      "properties": {
        "整理后的馆驿名称": "广城驿",
        "相对于741年州县位置/大致范围": "广成泽东，汝州西北三十里，南临汝水",
        "精确定位参考（里距/现代村镇）": "",
        "道（十五道）": "都畿道",
        "府州": "汝州",
        "县": "临汝县",
        "精度": "1",
        "资料出处": "《全唐诗》卷一_六郑_",
        "驿路名（如果有的话）": "洛汝驿路",
        "始建年（仅录唐五代）": "",
        "备注": "",
        "是否为馆驿": "",
        "引用台湾图数据出处": ""
      }
    },
    {
      "type": "Feature",
      "geometry": {
        "type": "Point",
        "coordinates": [
          112.9002011,
          26.55923172
        ]
      },
      "properties": {
        "整理后的馆驿名称": "方田驿",
        "相对于741年州县位置/大致范围": "",
        "精确定位参考（里距/现代村镇）": "耒阳新市镇龙市村",
        "道（十五道）": "江南西道",
        "府州": "衡州",
        "县": "耒阳",
        "精度": "1",
        "资料出处": "",
        "驿路名（如果有的话）": "",
        "始建年（仅录唐五代）": "",
        "备注": "",
        "是否为馆驿": "",
        "引用台湾图数据出处": "1.0"
      }
    },
    {
      "type": "Feature",
      "geometry": {
        "type": "Point",
        "coordinates": [
          112.929246,
          36.451622
        ]
      },
      "properties": {
        "整理后的馆驿名称": "太平驿",
        "相对于741年州县位置/大致范围": "潞城县南三十里",
        "精确定位参考（里距/现代村镇）": "",
        "道（十五道）": "河东道",
        "府州": "潞州",
        "县": "潞城县",
        "精度": "2",
        "资料出处": "《新唐书》卷一八二",
        "驿路名（如果有的话）": "",
        "始建年（仅录唐五代）": "",
        "备注": "",
        "是否为馆驿": "",
        "引用台湾图数据出处": ""
      }
    },
    {
      "type": "Feature",
      "geometry": {
        "type": "Point",
        "coordinates": [
          112.963687,
          28.192492
        ]
      },
      "properties": {
        "整理后的馆驿名称": "长沙驿",
        "相对于741年州县位置/大致范围": "江畔",
        "精确定位参考（里距/现代村镇）": "",
        "道（十五道）": "江南西道",
        "府州": "潭州",
        "县": "长沙县",
        "精度": "1",
        "资料出处": "《清献集》卷二，《全唐诗》卷一四八刘长卿",
        "驿路名（如果有的话）": "",
        "始建年（仅录唐五代）": "",
        "备注": "",
        "是否为馆驿": "",
        "引用台湾图数据出处": ""
      }
    },
    {
      "type": "Feature",
      "geometry": {
        "type": "Point",
        "coordinates": [
          112.969685,
          34.76097846
        ]
      },
      "properties": {
        "整理后的馆驿名称": "孝义馆（驿）",
        "相对于741年州县位置/大致范围": "",
        "精确定位参考（里距/现代村镇）": "今巩义孝义街道（市区）",
        "道（十五道）": "都畿道",
        "府州": "河南府",
        "县": "巩县",
        "精度": "1",
        "资料出处": "《太平广记》卷三七七引《冥报记》《南齐书》卷五七《魏虏传》《册府元龟》卷一一四《太平广记》卷三一一引《传奇》",
        "驿路名（如果有的话）": "洛汴驿路",
        "始建年（仅录唐五代）": "",
        "备注": "",
        "是否为馆驿": "",
        "引用台湾图数据出处": ""
      }
    },
    {
      "type": "Feature",
      "geometry": {
        "type": "Point",
        "coordinates": [
          112.99251,
          33.26008
        ]
      },
      "properties": {
        "整理后的馆驿名称": "方城驿",
        "相对于741年州县位置/大致范围": "在县城",
        "精确定位参考（里距/现代村镇）": "",
        "道（十五道）": "山南东道",
        "府州": "唐州",
        "县": "方城县",
        "精度": "1",
        "资料出处": "《全唐诗》卷三三三杨巨源",
        "驿路名（如果有的话）": "",
        "始建年（仅录唐五代）": "",
        "备注": "",
        "是否为馆驿": "",
        "引用台湾图数据出处": ""
      }
    },
    {
      "type": "Feature",
      "geometry": {
        "type": "Point",
        "coordinates": [
          113.0265068,
          29.12026552
        ]
      },
      "properties": {
        "整理后的馆驿名称": "白沙驿",
        "相对于741年州县位置/大致范围": "谭图有标",
        "精确定位参考（里距/现代村镇）": "",
        "道（十五道）": "江南西道",
        "府州": "岳州",
        "县": "巴陵县",
        "精度": "1",
        "资料出处": "《杜诗详注》卷22《宿白沙驿》，宋代王洙注“初过湖南界5里”，由此推测可能在湖南岳州",
        "驿路名（如果有的话）": "",
        "始建年（仅录唐五代）": "",
        "备注": "",
        "是否为馆驿": "",
        "引用台湾图数据出处": "1.0"
      }
    },
    {
      "type": "Feature",
      "geometry": {
        "type": "Point",
        "coordinates": [
          113.066546,
          38.14365
        ]
      },
      "properties": {
        "整理后的馆驿名称": "乌城驿",
        "相对于741年州县位置/大致范围": "太原北",
        "精确定位参考（里距/现代村镇）": "",
        "道（十五道）": "河东道",
        "府州": "太原府",
        "县": "晋阳县",
        "精度": "2",
        "资料出处": "《旧唐书》",
        "驿路名（如果有的话）": "",
        "始建年（仅录唐五代）": "",
        "备注": "",
        "是否为馆驿": "",
        "引用台湾图数据出处": ""
      }
    },
    {
      "type": "Feature",
      "geometry": {
        "type": "Point",
        "coordinates": [
          113.080777,
          29.293496
        ]
      },
      "properties": {
        "整理后的馆驿名称": "洞庭驿",
        "相对于741年州县位置/大致范围": "",
        "精确定位参考（里距/现代村镇）": "",
        "道（十五道）": "江南西道",
        "府州": "岳州",
        "县": "巴陵",
        "精度": "3",
        "资料出处": "",
        "驿路名（如果有的话）": "",
        "始建年（仅录唐五代）": "",
        "备注": "",
        "是否为馆驿": "",
        "引用台湾图数据出处": "2.0"
      }
    },
    {
      "type": "Feature",
      "geometry": {
        "type": "Point",
        "coordinates": [
          113.105731,
          36.014419
        ]
      },
      "properties": {
        "整理后的馆驿名称": "龙泉驿",
        "相对于741年州县位置/大致范围": "",
        "精确定位参考（里距/现代村镇）": "",
        "道（十五道）": "河东道",
        "府州": "潞州",
        "县": "",
        "精度": "3",
        "资料出处": "",
        "驿路名（如果有的话）": "",
        "始建年（仅录唐五代）": "",
        "备注": "",
        "是否为馆驿": "",
        "引用台湾图数据出处": ""
      }
    },
    {
      "type": "Feature",
      "geometry": {
        "type": "Point",
        "coordinates": [
          113.11685,
          31.02481
        ]
      },
      "properties": {
        "整理后的馆驿名称": "村驿（京山）",
        "相对于741年州县位置/大致范围": "位置不详",
        "精确定位参考（里距/现代村镇）": "",
        "道（十五道）": "淮南道",
        "府州": "郢州",
        "县": "京山县",
        "精度": "3",
        "资料出处": "《夷坚支景》卷一《京山鹿寨》",
        "驿路名（如果有的话）": "",
        "始建年（仅录唐五代）": "",
        "备注": "",
        "是否为馆驿": "",
        "引用台湾图数据出处": ""
      }
    },
    {
      "type": "Feature",
      "geometry": {
        "type": "Point",
        "coordinates": [
          113.256066,
          23.134624
        ]
      },
      "properties": {
        "整理后的馆驿名称": "广江驿",
        "相对于741年州县位置/大致范围": "",
        "精确定位参考（里距/现代村镇）": "",
        "道（十五道）": "岭南道",
        "府州": "广州",
        "县": "南海县",
        "精度": "2",
        "资料出处": "《全唐诗》卷五六九李群玉",
        "驿路名（如果有的话）": "",
        "始建年（仅录唐五代）": "",
        "备注": "",
        "是否为馆驿": "",
        "引用台湾图数据出处": ""
      }
    },
    {
      "type": "Feature",
      "geometry": {
        "type": "Point",
        "coordinates": [
          113.353787,
          33.94073839
        ]
      },
      "properties": {
        "整理后的馆驿名称": "长桥驿",
        "相对于741年州县位置/大致范围": "今长桥镇，在县西三十里",
        "精确定位参考（里距/现代村镇）": "",
        "道（十五道）": "都畿道",
        "府州": "汝州",
        "县": "襄城县",
        "精度": "1",
        "资料出处": "《樊川文集》卷八",
        "驿路名（如果有的话）": "",
        "始建年（仅录唐五代）": "",
        "备注": "",
        "是否为馆驿": "",
        "引用台湾图数据出处": ""
      }
    },
    {
      "type": "Feature",
      "geometry": {
        "type": "Point",
        "coordinates": [
          113.367998,
          35.065615
        ]
      },
      "properties": {
        "整理后的馆驿名称": "武涉驿",
        "相对于741年州县位置/大致范围": "在县城",
        "精确定位参考（里距/现代村镇）": "",
        "道（十五道）": "都畿道",
        "府州": "怀州",
        "县": "武陟县",
        "精度": "2",
        "资料出处": "《太平广记》卷一四八引《朝野佥载》",
        "驿路名（如果有的话）": "",
        "始建年（仅录唐五代）": "",
        "备注": "",
        "是否为馆驿": "",
        "引用台湾图数据出处": "1.0"
      }
    },
    {
      "type": "Feature",
      "geometry": {
        "type": "Point",
        "coordinates": [
          113.378998,
          29.654147
        ]
      },
      "properties": {
        "整理后的馆驿名称": "鸭栏驿",
        "相对于741年州县位置/大致范围": "",
        "精确定位参考（里距/现代村镇）": "岳阳临湘鸭栏村",
        "道（十五道）": "江南西道",
        "府州": "越州",
        "县": "巴陵县",
        "精度": "1",
        "资料出处": "《李太白全集》卷二二；《全唐诗》卷一八一李白",
        "驿路名（如果有的话）": "",
        "始建年（仅录唐五代）": "",
        "备注": "",
        "是否为馆驿": "",
        "引用台湾图数据出处": ""
      }
    },
    {
      "type": "Feature",
      "geometry": {
        "type": "Point",
        "coordinates": [
          113.504783,
          34.786269
        ]
      },
      "properties": {
        "整理后的馆驿名称": "须水驿",
        "相对于741年州县位置/大致范围": "郑州荥阳之间",
        "精确定位参考（里距/现代村镇）": "",
        "道（十五道）": "都畿道",
        "府州": "郑州",
        "县": "管城县",
        "精度": "2",
        "资料出处": "《旧五代史》卷五八《崔协传》",
        "驿路名（如果有的话）": "",
        "始建年（仅录唐五代）": "",
        "备注": "",
        "是否为馆驿": "",
        "引用台湾图数据出处": ""
      }
    },
    {
      "type": "Feature",
      "geometry": {
        "type": "Point",
        "coordinates": [
          113.603417,
          24.810209
        ]
      },
      "properties": {
        "整理后的馆驿名称": "韶州驿",
        "相对于741年州县位置/大致范围": "",
        "精确定位参考（里距/现代村镇）": "",
        "道（十五道）": "岭南道",
        "府州": "韶州",
        "县": "曲江县",
        "精度": "2",
        "资料出处": "《全唐诗》卷五三五许浑",
        "驿路名（如果有的话）": "",
        "始建年（仅录唐五代）": "",
        "备注": "",
        "是否为馆驿": "",
        "引用台湾图数据出处": ""
      }
    },
    {
      "type": "Feature",
      "geometry": {
        "type": "Point",
        "coordinates": [
          113.6231051,
          29.87898631
        ]
      },
      "properties": {
        "整理后的馆驿名称": "石头驿",
        "相对于741年州县位置/大致范围": "",
        "精确定位参考（里距/现代村镇）": "湖北蒲圻市西北赤壁镇驻地(石头口)",
        "道（十五道）": "江南西道",
        "府州": "鄂州",
        "县": "蒲圻县",
        "精度": "1",
        "资料出处": "《全唐诗》卷一七八李白",
        "驿路名（如果有的话）": "",
        "始建年（仅录唐五代）": "",
        "备注": "",
        "是否为馆驿": "",
        "引用台湾图数据出处": ""
      }
    },
    {
      "type": "Feature",
      "geometry": {
        "type": "Point",
        "coordinates": [
          113.64131,
          34.75808
        ]
      },
      "properties": {
        "整理后的馆驿名称": "管城驿",
        "相对于741年州县位置/大致范围": "郑州郊外",
        "精确定位参考（里距/现代村镇）": "",
        "道（十五道）": "都畿道",
        "府州": "郑州",
        "县": "管城县",
        "精度": "2",
        "资料出处": "《刘宾客文集》卷八",
        "驿路名（如果有的话）": "洛汴驿路",
        "始建年（仅录唐五代）": "",
        "备注": "",
        "是否为馆驿": "",
        "引用台湾图数据出处": ""
      }
    },
    {
      "type": "Feature",
      "geometry": {
        "type": "Point",
        "coordinates": [
          113.8614,
          31.9282
        ]
      },
      "properties": {
        "整理后的馆驿名称": "四望驿",
        "相对于741年州县位置/大致范围": "",
        "精确定位参考（里距/现代村镇）": "",
        "道（十五道）": "山南东道",
        "府州": "随州",
        "县": "随县",
        "精度": "3",
        "资料出处": "《王建诗集校注》卷4《四望驿宋》；《資治通鑑》卷227唐德宗建中二年八月：“梁崇義發兵攻江陵，至四望，大敗而歸，乃收兵襄鄧。”胡三省注：“今隨州隨縣之東有四望山，其山最高，四望皆可見。”王象之《輿地紀勝》卷83隨州：“四望山在隨縣東，山最高，四望皆見。”",
        "驿路名（如果有的话）": "",
        "始建年（仅录唐五代）": "",
        "备注": "",
        "是否为馆驿": "",
        "引用台湾图数据出处": "2.0"
      }
    },
    {
      "type": "Feature",
      "geometry": {
        "type": "Point",
        "coordinates": [
          113.871952,
          35.322342
        ]
      },
      "properties": {
        "整理后的馆驿名称": "临清驿",
        "相对于741年州县位置/大致范围": "新乡县城",
        "精确定位参考（里距/现代村镇）": "新乡市区",
        "道（十五道）": "河北道",
        "府州": "卫州",
        "县": "新乡",
        "精度": "2",
        "资料出处": "《全唐文》",
        "驿路名（如果有的话）": "",
        "始建年（仅录唐五代）": "",
        "备注": "",
        "是否为馆驿": "",
        "引用台湾图数据出处": "2.0"
      }
    },
    {
      "type": "Feature",
      "geometry": {
        "type": "Point",
        "coordinates": [
          114.042159,
          36.673681
        ]
      },
      "properties": {
        "整理后的馆驿名称": "固镇驿",
        "相对于741年州县位置/大致范围": "",
        "精确定位参考（里距/现代村镇）": "",
        "道（十五道）": "河北道",
        "府州": "洺州",
        "县": "",
        "精度": "3",
        "资料出处": "",
        "驿路名（如果有的话）": "",
        "始建年（仅录唐五代）": "",
        "备注": "",
        "是否为馆驿": "",
        "引用台湾图数据出处": ""
      }
    },
    {
      "type": "Feature",
      "geometry": {
        "type": "Point",
        "coordinates": [
          114.062986,
          32.12975265
        ]
      },
      "properties": {
        "整理后的馆驿名称": "白雪驿",
        "相对于741年州县位置/大致范围": "义阳县城",
        "精确定位参考（里距/现代村镇）": "今信阳申碑路",
        "道（十五道）": "淮南道",
        "府州": "申州",
        "县": "义阳县",
        "精度": "2",
        "资料出处": "舆地__八○信__景物",
        "驿路名（如果有的话）": "义阳三关平靖关路",
        "始建年（仅录唐五代）": "",
        "备注": "",
        "是否为馆驿": "",
        "引用台湾图数据出处": ""
      }
    },
    {
      "type": "Feature",
      "geometry": {
        "type": "Point",
        "coordinates": [
          114.06924,
          32.13112
        ]
      },
      "properties": {
        "整理后的馆驿名称": "菱陂驿",
        "相对于741年州县位置/大致范围": "",
        "精确定位参考（里距/现代村镇）": "",
        "道（十五道）": "淮南道",
        "府州": "申州",
        "县": "义阳县",
        "精度": "2",
        "资料出处": "《刘随州文集》卷二",
        "驿路名（如果有的话）": "",
        "始建年（仅录唐五代）": "",
        "备注": "",
        "是否为馆驿": "",
        "引用台湾图数据出处": ""
      }
    },
    {
      "type": "Feature",
      "geometry": {
        "type": "Point",
        "coordinates": [
          114.09719,
          35.16445
        ]
      },
      "properties": {
        "整理后的馆驿名称": "酸枣驿",
        "相对于741年州县位置/大致范围": "在县城",
        "精确定位参考（里距/现代村镇）": "",
        "道（十五道）": "河南道",
        "府州": "滑州",
        "县": "酸枣县",
        "精度": "1",
        "资料出处": "《全唐诗卷五一一张祜》",
        "驿路名（如果有的话）": "",
        "始建年（仅录唐五代）": "",
        "备注": "",
        "是否为馆驿": "",
        "引用台湾图数据出处": ""
      }
    },
    {
      "type": "Feature",
      "geometry": {
        "type": "Point",
        "coordinates": [
          110.843737,
          34.61884
        ]
      },
      "properties": {
        "整理后的馆驿名称": "稠桑驿",
        "相对于741年州县位置/大致范围": "弘农县北三十里",
        "精确定位参考（里距/现代村镇）": "今灵宝市西稠桑村",
        "道（十五道）": "河东道",
        "府州": "虢州",
        "县": "弘农县",
        "精度": "1",
        "资料出处": "《全唐诗》卷四四八白居易",
        "驿路名（如果有的话）": "",
        "始建年（仅录唐五代）": "",
        "备注": "",
        "是否为馆驿": "",
        "引用台湾图数据出处": ""
      }
    },
    {
      "type": "Feature",
      "geometry": {
        "type": "Point",
        "coordinates": [
          114.1909981,
          34.79689993
        ]
      },
      "properties": {
        "整理后的馆驿名称": "班荆馆",
        "相对于741年州县位置/大致范围": "汴州郊外",
        "精确定位参考（里距/现代村镇）": "",
        "道（十五道）": "河南道",
        "府州": "汴州",
        "县": "浚仪县",
        "精度": "2",
        "资料出处": "《册府元龟》卷一一一",
        "驿路名（如果有的话）": "洛汴驿路",
        "始建年（仅录唐五代）": "937",
        "备注": "",
        "是否为馆驿": "",
        "引用台湾图数据出处": ""
      }
    },
    {
      "type": "Feature",
      "geometry": {
        "type": "Point",
        "coordinates": [
          114.19534,
          34.10743
        ]
      },
      "properties": {
        "整理后的馆驿名称": "鄢陵县驿",
        "相对于741年州县位置/大致范围": "鄢陵县",
        "精确定位参考（里距/现代村镇）": "",
        "道（十五道）": "河南道",
        "府州": "许州",
        "县": "鄢陵县",
        "精度": "2",
        "资料出处": "《高峰文集》卷一〇",
        "驿路名（如果有的话）": "",
        "始建年（仅录唐五代）": "",
        "备注": "",
        "是否为馆驿": "",
        "引用台湾图数据出处": ""
      }
    },
    {
      "type": "Feature",
      "geometry": {
        "type": "Point",
        "coordinates": [
          114.26899,
          30.55224
        ]
      },
      "properties": {
        "整理后的馆驿名称": "临川驿",
        "相对于741年州县位置/大致范围": "汉阳城中，长江边上",
        "精确定位参考（里距/现代村镇）": "",
        "道（十五道）": "淮南道",
        "府州": "沔州",
        "县": "汉阳县",
        "精度": "1",
        "资料出处": "《柳宗元集》卷四二",
        "驿路名（如果有的话）": "",
        "始建年（仅录唐五代）": "",
        "备注": "",
        "是否为馆驿": "",
        "引用台湾图数据出处": ""
      }
    },
    {
      "type": "Feature",
      "geometry": {
        "type": "Point",
        "coordinates": [
          114.289485,
          34.098463
        ]
      },
      "properties": {
        "整理后的馆驿名称": "桐城驿",
        "相对于741年州县位置/大致范围": "扶沟鄢陵之间，扶沟县西二十里，在桐丘",
        "精确定位参考（里距/现代村镇）": "",
        "道（十五道）": "河南道",
        "府州": "许州",
        "县": "扶沟县",
        "精度": "1",
        "资料出处": "《通雅》",
        "驿路名（如果有的话）": "",
        "始建年（仅录唐五代）": "",
        "备注": "",
        "是否为馆驿": "",
        "引用台湾图数据出处": ""
      }
    },
    {
      "type": "Feature",
      "geometry": {
        "type": "Point",
        "coordinates": [
          114.2969806,
          30.54719818
        ]
      },
      "properties": {
        "整理后的馆驿名称": "黄鹤驿",
        "相对于741年州县位置/大致范围": "",
        "精确定位参考（里距/现代村镇）": "",
        "道（十五道）": "江南西道",
        "府州": "鄂州",
        "县": "武昌县",
        "精度": "3",
        "资料出处": "武汉附近",
        "驿路名（如果有的话）": "",
        "始建年（仅录唐五代）": "",
        "备注": "",
        "是否为馆驿": "",
        "引用台湾图数据出处": ""
      }
    },
    {
      "type": "Feature",
      "geometry": {
        "type": "Point",
        "coordinates": [
          114.34333,
          34.78548
        ]
      },
      "properties": {
        "整理后的馆驿名称": "汴河驿",
        "相对于741年州县位置/大致范围": "汴河旁，在城中",
        "精确定位参考（里距/现代村镇）": "",
        "道（十五道）": "河南道",
        "府州": "汴州",
        "县": "开封县",
        "精度": "2",
        "资料出处": "《侯鲭录》卷一",
        "驿路名（如果有的话）": "汴州通淮南驿路",
        "始建年（仅录唐五代）": "",
        "备注": "",
        "是否为馆驿": "",
        "引用台湾图数据出处": ""
      }
    },
    {
      "type": "Feature",
      "geometry": {
        "type": "Point",
        "coordinates": [
          114.34333,
          34.78548
        ]
      },
      "properties": {
        "整理后的馆驿名称": "陈留驿",
        "相对于741年州县位置/大致范围": "陈留县治",
        "精确定位参考（里距/现代村镇）": "",
        "道（十五道）": "河南道",
        "府州": "汴州",
        "县": "陈留县",
        "精度": "2",
        "资料出处": "《杨公笔录》",
        "驿路名（如果有的话）": "",
        "始建年（仅录唐五代）": "",
        "备注": "",
        "是否为馆驿": "",
        "引用台湾图数据出处": ""
      }
    },
    {
      "type": "Feature",
      "geometry": {
        "type": "Point",
        "coordinates": [
          114.34333,
          34.78548
        ]
      },
      "properties": {
        "整理后的馆驿名称": "大梁驿",
        "相对于741年州县位置/大致范围": "县城内",
        "精确定位参考（里距/现代村镇）": "",
        "道（十五道）": "河南道",
        "府州": "汴州",
        "县": "开封县",
        "精度": "2",
        "资料出处": "《全唐诗》卷八〇九灵一",
        "驿路名（如果有的话）": "",
        "始建年（仅录唐五代）": "",
        "备注": "",
        "是否为馆驿": "",
        "引用台湾图数据出处": ""
      }
    },
    {
      "type": "Feature",
      "geometry": {
        "type": "Point",
        "coordinates": [
          114.34333,
          34.78548
        ]
      },
      "properties": {
        "整理后的馆驿名称": "都亭驿（上源驿）",
        "相对于741年州县位置/大致范围": "由上源驿改，在县城内",
        "精确定位参考（里距/现代村镇）": "",
        "道（十五道）": "河南道",
        "府州": "汴州",
        "县": "浚仪县",
        "精度": "1",
        "资料出处": "《三朝北盟汇编》卷七四",
        "驿路名（如果有的话）": "洛汴驿路",
        "始建年（仅录唐五代）": "939",
        "备注": "",
        "是否为馆驿": "",
        "引用台湾图数据出处": ""
      }
    },
    {
      "type": "Feature",
      "geometry": {
        "type": "Point",
        "coordinates": [
          114.34333,
          34.78548
        ]
      },
      "properties": {
        "整理后的馆驿名称": "怀信驿",
        "相对于741年州县位置/大致范围": "汴州东汴河上",
        "精确定位参考（里距/现代村镇）": "",
        "道（十五道）": "河南道",
        "府州": "汴州",
        "县": "开封县",
        "精度": "1",
        "资料出处": "《册府元龟》卷一四",
        "驿路名（如果有的话）": "",
        "始建年（仅录唐五代）": "958",
        "备注": "",
        "是否为馆驿": "",
        "引用台湾图数据出处": ""
      }
    },
    {
      "type": "Feature",
      "geometry": {
        "type": "Point",
        "coordinates": [
          114.34333,
          34.78548
        ]
      },
      "properties": {
        "整理后的馆驿名称": "临汴驿",
        "相对于741年州县位置/大致范围": "汴河旁",
        "精确定位参考（里距/现代村镇）": "",
        "道（十五道）": "河南道",
        "府州": "汴州",
        "县": "开封县",
        "精度": "2",
        "资料出处": "《全唐诗》卷八七〇姚嵘",
        "驿路名（如果有的话）": "",
        "始建年（仅录唐五代）": "",
        "备注": "",
        "是否为馆驿": "",
        "引用台湾图数据出处": ""
      }
    },
    {
      "type": "Feature",
      "geometry": {
        "type": "Point",
        "coordinates": [
          114.34333,
          34.78548
        ]
      },
      "properties": {
        "整理后的馆驿名称": "清河驿",
        "相对于741年州县位置/大致范围": "城中汴河边",
        "精确定位参考（里距/现代村镇）": "",
        "道（十五道）": "河南道",
        "府州": "汴州",
        "县": "开封县",
        "精度": "2",
        "资料出处": "《册府元龟》卷761",
        "驿路名（如果有的话）": "",
        "始建年（仅录唐五代）": "",
        "备注": "",
        "是否为馆驿": "",
        "引用台湾图数据出处": ""
      }
    },
    {
      "type": "Feature",
      "geometry": {
        "type": "Point",
        "coordinates": [
          114.34333,
          34.78548
        ]
      },
      "properties": {
        "整理后的馆驿名称": "通吴驿（赤仓驿）",
        "相对于741年州县位置/大致范围": "开封县内，原赤仓驿",
        "精确定位参考（里距/现代村镇）": "",
        "道（十五道）": "河南道",
        "府州": "汴州",
        "县": "开封县",
        "精度": "2",
        "资料出处": "《五代会要》卷二六",
        "驿路名（如果有的话）": "",
        "始建年（仅录唐五代）": "",
        "备注": "",
        "是否为馆驿": "",
        "引用台湾图数据出处": "2.0"
      }
    },
    {
      "type": "Feature",
      "geometry": {
        "type": "Point",
        "coordinates": [
          114.344749,
          36.101167
        ]
      },
      "properties": {
        "整理后的馆驿名称": "石梁驿",
        "相对于741年州县位置/大致范围": "",
        "精确定位参考（里距/现代村镇）": "",
        "道（十五道）": "河北道",
        "府州": "相州",
        "县": "安阳",
        "精度": "2",
        "资料出处": "",
        "驿路名（如果有的话）": "",
        "始建年（仅录唐五代）": "",
        "备注": "",
        "是否为馆驿": "",
        "引用台湾图数据出处": ""
      }
    },
    {
      "type": "Feature",
      "geometry": {
        "type": "Point",
        "coordinates": [
          114.362829,
          25.399312
        ]
      },
      "properties": {
        "整理后的馆驿名称": "大庾驿",
        "相对于741年州县位置/大致范围": "大庾山北",
        "精确定位参考（里距/现代村镇）": "",
        "道（十五道）": "江南西道",
        "府州": "虔州",
        "县": "大庾县",
        "精度": "2",
        "资料出处": "《全唐诗》卷五二宋之问",
        "驿路名（如果有的话）": "",
        "始建年（仅录唐五代）": "",
        "备注": "",
        "是否为馆驿": "",
        "引用台湾图数据出处": ""
      }
    },
    {
      "type": "Feature",
      "geometry": {
        "type": "Point",
        "coordinates": [
          114.398954,
          27.791904
        ]
      },
      "properties": {
        "整理后的馆驿名称": "宜春驿",
        "相对于741年州县位置/大致范围": "",
        "精确定位参考（里距/现代村镇）": "",
        "道（十五道）": "江南西道",
        "府州": "袁州",
        "县": "宜春县",
        "精度": "2",
        "资料出处": "《全唐诗》卷七〇三翁承赞",
        "驿路名（如果有的话）": "",
        "始建年（仅录唐五代）": "",
        "备注": "",
        "是否为馆驿": "",
        "引用台湾图数据出处": "2.0"
      }
    },
    {
      "type": "Feature",
      "geometry": {
        "type": "Point",
        "coordinates": [
          114.408361,
          34.954421
        ]
      },
      "properties": {
        "整理后的馆驿名称": "陈桥驿",
        "相对于741年州县位置/大致范围": "封丘县东南",
        "精确定位参考（里距/现代村镇）": "封丘县东南二十六里陈桥乡",
        "道（十五道）": "河南道",
        "府州": "汴州",
        "县": "封丘县",
        "精度": "1",
        "资料出处": "《汴京遗迹志》卷三，《旧五代史》卷一二〇《恭帝纪》",
        "驿路名（如果有的话）": "",
        "始建年（仅录唐五代）": "",
        "备注": "",
        "是否为馆驿": "",
        "引用台湾图数据出处": ""
      }
    },
    {
      "type": "Feature",
      "geometry": {
        "type": "Point",
        "coordinates": [
          114.46374,
          36.58491
        ]
      },
      "properties": {
        "整理后的馆驿名称": "邯郸驿",
        "相对于741年州县位置/大致范围": "",
        "精确定位参考（里距/现代村镇）": "",
        "道（十五道）": "河北道",
        "府州": "洺州",
        "县": "邯郸",
        "精度": "2",
        "资料出处": "《全唐诗》",
        "驿路名（如果有的话）": "",
        "始建年（仅录唐五代）": "",
        "备注": "",
        "是否为馆驿": "",
        "引用台湾图数据出处": ""
      }
    },
    {
      "type": "Feature",
      "geometry": {
        "type": "Point",
        "coordinates": [
          114.54346,
          35.56445
        ]
      },
      "properties": {
        "整理后的馆驿名称": "滑亭驿",
        "相对于741年州县位置/大致范围": "白马县",
        "精确定位参考（里距/现代村镇）": "白马县",
        "道（十五道）": "河南道",
        "府州": "滑州",
        "县": "白马县",
        "精度": "1",
        "资料出处": "《文苑英华》卷第八百九",
        "驿路名（如果有的话）": "",
        "始建年（仅录唐五代）": "",
        "备注": "",
        "是否为馆驿": "",
        "引用台湾图数据出处": "2.0"
      }
    },
    {
      "type": "Feature",
      "geometry": {
        "type": "Point",
        "coordinates": [
          114.628427,
          37.875443
        ]
      },
      "properties": {
        "整理后的馆驿名称": "栾城县驿",
        "相对于741年州县位置/大致范围": "",
        "精确定位参考（里距/现代村镇）": "",
        "道（十五道）": "河北道",
        "府州": "赵州",
        "县": "",
        "精度": "2",
        "资料出处": "",
        "驿路名（如果有的话）": "",
        "始建年（仅录唐五代）": "",
        "备注": "",
        "是否为馆驿": "",
        "引用台湾图数据出处": ""
      }
    },
    {
      "type": "Feature",
      "geometry": {
        "type": "Point",
        "coordinates": [
          114.745163,
          25.658571
        ]
      },
      "properties": {
        "整理后的馆驿名称": "蓮花館",
        "相对于741年州县位置/大致范围": "",
        "精确定位参考（里距/现代村镇）": "",
        "道（十五道）": "江南西道",
        "府州": "虔州",
        "县": "南康县",
        "精度": "1",
        "资料出处": "",
        "驿路名（如果有的话）": "",
        "始建年（仅录唐五代）": "",
        "备注": "",
        "是否为馆驿": "",
        "引用台湾图数据出处": ""
      }
    },
    {
      "type": "Feature",
      "geometry": {
        "type": "Point",
        "coordinates": [
          114.7591483,
          38.36022782
        ]
      },
      "properties": {
        "整理后的馆驿名称": "醴泉驿",
        "相对于741年州县位置/大致范围": "",
        "精确定位参考（里距/现代村镇）": "地处藁城（今河北石家庄藁城区）与恒州州治（今正定）之间的驿道上。",
        "道（十五道）": "河北道",
        "府州": "恒州",
        "县": "",
        "精度": "3",
        "资料出处": "《旧唐书》",
        "驿路名（如果有的话）": "",
        "始建年（仅录唐五代）": "",
        "备注": "",
        "是否为馆驿": "",
        "引用台湾图数据出处": "2.0"
      }
    },
    {
      "type": "Feature",
      "geometry": {
        "type": "Point",
        "coordinates": [
          114.788318,
          35.972223
        ]
      },
      "properties": {
        "整理后的馆驿名称": "内黄驿",
        "相对于741年州县位置/大致范围": "",
        "精确定位参考（里距/现代村镇）": "",
        "道（十五道）": "河北道",
        "府州": "相州",
        "县": "内黄县",
        "精度": "2",
        "资料出处": "",
        "驿路名（如果有的话）": "",
        "始建年（仅录唐五代）": "",
        "备注": "",
        "是否为馆驿": "",
        "引用台湾图数据出处": ""
      }
    },
    {
      "type": "Feature",
      "geometry": {
        "type": "Point",
        "coordinates": [
          114.894874,
          26.792103
        ]
      },
      "properties": {
        "整理后的馆驿名称": "白下驿",
        "相对于741年州县位置/大致范围": "",
        "精确定位参考（里距/现代村镇）": "",
        "道（十五道）": "江南西道",
        "府州": "吉州",
        "县": "太和",
        "精度": "3",
        "资料出处": "",
        "驿路名（如果有的话）": "",
        "始建年（仅录唐五代）": "",
        "备注": "",
        "是否为馆驿": "",
        "引用台湾图数据出处": ""
      }
    },
    {
      "type": "Feature",
      "geometry": {
        "type": "Point",
        "coordinates": [
          114.93248,
          25.847
        ]
      },
      "properties": {
        "整理后的馆驿名称": "绵津驿",
        "相对于741年州县位置/大致范围": "",
        "精确定位参考（里距/现代村镇）": "",
        "道（十五道）": "江南西道",
        "府州": "虔州",
        "县": "",
        "精度": "3",
        "资料出处": "",
        "驿路名（如果有的话）": "",
        "始建年（仅录唐五代）": "",
        "备注": "",
        "是否为馆驿": "",
        "引用台湾图数据出处": ""
      }
    },
    {
      "type": "Feature",
      "geometry": {
        "type": "Point",
        "coordinates": [
          114.9633117,
          33.41899491
        ]
      },
      "properties": {
        "整理后的馆驿名称": "对溪驿",
        "相对于741年州县位置/大致范围": "在陈州界",
        "精确定位参考（里距/现代村镇）": "",
        "道（十五道）": "河南道",
        "府州": "陈州",
        "县": "项城县",
        "精度": "2",
        "资料出处": "《册府元龟》卷二四",
        "驿路名（如果有的话）": "",
        "始建年（仅录唐五代）": "",
        "备注": "",
        "是否为馆驿": "",
        "引用台湾图数据出处": ""
      }
    },
    {
      "type": "Feature",
      "geometry": {
        "type": "Point",
        "coordinates": [
          114.97504,
          38.52006
        ]
      },
      "properties": {
        "整理后的馆驿名称": "永定驿",
        "相对于741年州县位置/大致范围": "定州治北",
        "精确定位参考（里距/现代村镇）": "",
        "道（十五道）": "河北道",
        "府州": "定州",
        "县": "安喜县",
        "精度": "2",
        "资料出处": "《寰宇通志》",
        "驿路名（如果有的话）": "",
        "始建年（仅录唐五代）": "",
        "备注": "",
        "是否为馆驿": "",
        "引用台湾图数据出处": ""
      }
    },
    {
      "type": "Feature",
      "geometry": {
        "type": "Point",
        "coordinates": [
          115.04458,
          32.1303
        ]
      },
      "properties": {
        "整理后的馆驿名称": "光山驿",
        "相对于741年州县位置/大致范围": "光州治",
        "精确定位参考（里距/现代村镇）": "",
        "道（十五道）": "淮南道",
        "府州": "光州",
        "县": "定城县",
        "精度": "2",
        "资料出处": "《张耒集》卷二三",
        "驿路名（如果有的话）": "",
        "始建年（仅录唐五代）": "",
        "备注": "",
        "是否为馆驿": "",
        "引用台湾图数据出处": ""
      }
    },
    {
      "type": "Feature",
      "geometry": {
        "type": "Point",
        "coordinates": [
          115.1596942,
          30.20881914
        ]
      },
      "properties": {
        "整理后的馆驿名称": "西塞驿",
        "相对于741年州县位置/大致范围": "武昌县东八十五里西塞山边",
        "精确定位参考（里距/现代村镇）": "",
        "道（十五道）": "江南西道",
        "府州": "鄂州",
        "县": "武昌县",
        "精度": "2",
        "资料出处": "《李太白全集》卷一四",
        "驿路名（如果有的话）": "",
        "始建年（仅录唐五代）": "",
        "备注": "",
        "是否为馆驿": "",
        "引用台湾图数据出处": ""
      }
    },
    {
      "type": "Feature",
      "geometry": {
        "type": "Point",
        "coordinates": [
          115.1708354,
          35.59105961
        ]
      },
      "properties": {
        "整理后的馆驿名称": "清丘驿",
        "相对于741年州县位置/大致范围": "今濮阳东南七十里（不是唐代的）",
        "精确定位参考（里距/现代村镇）": "",
        "道（十五道）": "河南道",
        "府州": "濮州",
        "县": "濮阳县",
        "精度": "2",
        "资料出处": "《资治通_》卷二七二",
        "驿路名（如果有的话）": "",
        "始建年（仅录唐五代）": "",
        "备注": "",
        "是否为馆驿": "",
        "引用台湾图数据出处": ""
      }
    },
    {
      "type": "Feature",
      "geometry": {
        "type": "Point",
        "coordinates": [
          115.196925,
          35.708362
        ]
      },
      "properties": {
        "整理后的馆驿名称": "金堤驿",
        "相对于741年州县位置/大致范围": "酸枣县南二十三里，白马县西南",
        "精确定位参考（里距/现代村镇）": "",
        "道（十五道）": "河南道",
        "府州": "滑州",
        "县": "酸枣县",
        "精度": "1",
        "资料出处": "王建《早发金堤驿》《旧五代史》卷二一《徐怀玉传》",
        "驿路名（如果有的话）": "",
        "始建年（仅录唐五代）": "",
        "备注": "",
        "是否为馆驿": "",
        "引用台湾图数据出处": ""
      }
    },
    {
      "type": "Feature",
      "geometry": {
        "type": "Point",
        "coordinates": [
          115.2956,
          36.337
        ]
      },
      "properties": {
        "整理后的馆驿名称": "铜台驿",
        "相对于741年州县位置/大致范围": "",
        "精确定位参考（里距/现代村镇）": "",
        "道（十五道）": "河北道",
        "府州": "魏州",
        "县": "元城县",
        "精度": "2",
        "资料出处": "《资治通鉴》",
        "驿路名（如果有的话）": "",
        "始建年（仅录唐五代）": "",
        "备注": "",
        "是否为馆驿": "",
        "引用台湾图数据出处": "2.0"
      }
    },
    {
      "type": "Feature",
      "geometry": {
        "type": "Point",
        "coordinates": [
          115.424444,
          36.654769
        ]
      },
      "properties": {
        "整理后的馆驿名称": "永济县",
        "相对于741年州县位置/大致范围": "",
        "精确定位参考（里距/现代村镇）": "",
        "道（十五道）": "河北道",
        "府州": "贝州",
        "县": "",
        "精度": "3",
        "资料出处": "",
        "驿路名（如果有的话）": "",
        "始建年（仅录唐五代）": "",
        "备注": "",
        "是否为馆驿": "",
        "引用台湾图数据出处": ""
      }
    },
    {
      "type": "Feature",
      "geometry": {
        "type": "Point",
        "coordinates": [
          115.4817883,
          38.86111224
        ]
      },
      "properties": {
        "整理后的馆驿名称": "金台驿",
        "相对于741年州县位置/大致范围": "易州和莫州的交界处",
        "精确定位参考（里距/现代村镇）": "",
        "道（十五道）": "河北道",
        "府州": "易州",
        "县": "遂城县",
        "精度": "2",
        "资料出处": "《使金录》载“七十里至保州，入鸡川门，宿金台驿”。宋代保州有金台顿。",
        "驿路名（如果有的话）": "",
        "始建年（仅录唐五代）": "",
        "备注": "",
        "是否为馆驿": "",
        "引用台湾图数据出处": ""
      }
    },
    {
      "type": "Feature",
      "geometry": {
        "type": "Point",
        "coordinates": [
          115.622737,
          34.361174
        ]
      },
      "properties": {
        "整理后的馆驿名称": "武陵驿",
        "相对于741年州县位置/大致范围": "",
        "精确定位参考（里距/现代村镇）": "",
        "道（十五道）": "河南道",
        "府州": "宋州",
        "县": "睢阳县",
        "精度": "1",
        "资料出处": "《全唐诗》卷二〇七李嘉祐",
        "驿路名（如果有的话）": "",
        "始建年（仅录唐五代）": "",
        "备注": "",
        "是否为馆驿": "",
        "引用台湾图数据出处": ""
      }
    },
    {
      "type": "Feature",
      "geometry": {
        "type": "Point",
        "coordinates": [
          115.6303511,
          28.44675959
        ]
      },
      "properties": {
        "整理后的馆驿名称": "石头驿",
        "相对于741年州县位置/大致范围": "章江门外十里（江北）",
        "精确定位参考（里距/现代村镇）": "江西南昌市西郊（新建区）红石岗上",
        "道（十五道）": "江南西道",
        "府州": "洪州",
        "县": "豫章县",
        "精度": "1",
        "资料出处": "《国史补》卷上",
        "驿路名（如果有的话）": "",
        "始建年（仅录唐五代）": "",
        "备注": "",
        "是否为馆驿": "",
        "引用台湾图数据出处": ""
      }
    },
    {
      "type": "Feature",
      "geometry": {
        "type": "Point",
        "coordinates": [
          116.971588,
          33.641548
        ]
      },
      "properties": {
        "整理后的馆驿名称": "茆（茅）城驿",
        "相对于741年州县位置/大致范围": "宿州西汴河边",
        "精确定位参考（里距/现代村镇）": "",
        "道（十五道）": "河南道",
        "府州": "宋州",
        "县": "宋城县",
        "精度": "2",
        "资料出处": "《全唐诗》卷四四六白居易",
        "驿路名（如果有的话）": "",
        "始建年（仅录唐五代）": "",
        "备注": "",
        "是否为馆驿": "",
        "引用台湾图数据出处": ""
      }
    },
    {
      "type": "Feature",
      "geometry": {
        "type": "Point",
        "coordinates": [
          115.785782,
          28.197754
        ]
      },
      "properties": {
        "整理后的馆驿名称": "剑池驿",
        "相对于741年州县位置/大致范围": "",
        "精确定位参考（里距/现代村镇）": "",
        "道（十五道）": "江南西道",
        "府州": "洪州",
        "县": "丰城",
        "精度": "1",
        "资料出处": "",
        "驿路名（如果有的话）": "赣江水路",
        "始建年（仅录唐五代）": "",
        "备注": "",
        "是否为馆驿": "",
        "引用台湾图数据出处": ""
      }
    },
    {
      "type": "Feature",
      "geometry": {
        "type": "Point",
        "coordinates": [
          115.85098,
          30.10005
        ]
      },
      "properties": {
        "整理后的馆驿名称": "黄梅驿",
        "相对于741年州县位置/大致范围": "黄梅县城",
        "精确定位参考（里距/现代村镇）": "",
        "道（十五道）": "淮南道",
        "府州": "蕲州",
        "县": "黄梅县",
        "精度": "1",
        "资料出处": "《相山集》卷七",
        "驿路名（如果有的话）": "",
        "始建年（仅录唐五代）": "",
        "备注": "",
        "是否为馆驿": "",
        "引用台湾图数据出处": ""
      }
    },
    {
      "type": "Feature",
      "geometry": {
        "type": "Point",
        "coordinates": [
          115.950464,
          30.076605
        ]
      },
      "properties": {
        "整理后的馆驿名称": "临江驿",
        "相对于741年州县位置/大致范围": "宋黄梅县南75里",
        "精确定位参考（里距/现代村镇）": "",
        "道（十五道）": "淮南道",
        "府州": "蘄州",
        "县": "黄梅县",
        "精度": "1",
        "资料出处": "《全唐诗》卷692杜荀鹤《秋宿临江驿》；《张籍集系年校注》卷2《宿临江驿》；《舆地纪胜》卷47《蘄州》：太子驛在黄梅縣南七十五里。舊傳梁武帝於此得子，號太子驛。唐改臨江驛。《元和郡縣志》曰：『梁武帝初下建康，留丁貴嬪於此，生太子，因以爲名。亦名太子洑。』",
        "驿路名（如果有的话）": "",
        "始建年（仅录唐五代）": "",
        "备注": "",
        "是否为馆驿": "",
        "引用台湾图数据出处": ""
      }
    },
    {
      "type": "Feature",
      "geometry": {
        "type": "Point",
        "coordinates": [
          115.89772,
          28.674896
        ]
      },
      "properties": {
        "整理后的馆驿名称": "豫章馆",
        "相对于741年州县位置/大致范围": "西南门外",
        "精确定位参考（里距/现代村镇）": "",
        "道（十五道）": "江南西道",
        "府州": "洪州",
        "县": "豫章县",
        "精度": "2",
        "资料出处": "《全唐诗》卷一一九崔国辅",
        "驿路名（如果有的话）": "",
        "始建年（仅录唐五代）": "",
        "备注": "",
        "是否为馆驿": "",
        "引用台湾图数据出处": ""
      }
    },
    {
      "type": "Feature",
      "geometry": {
        "type": "Point",
        "coordinates": [
          117.92973,
          29.292182
        ]
      },
      "properties": {
        "整理后的馆驿名称": "楚城驿",
        "相对于741年州县位置/大致范围": "旧柴桑县，参考西汉图",
        "精确定位参考（里距/现代村镇）": "",
        "道（十五道）": "江南西道",
        "府州": "江州",
        "县": "浔阳",
        "精度": "1",
        "资料出处": "《太平寰宇记》、白居易诗",
        "驿路名（如果有的话）": "",
        "始建年（仅录唐五代）": "",
        "备注": "",
        "是否为馆驿": "",
        "引用台湾图数据出处": ""
      }
    },
    {
      "type": "Feature",
      "geometry": {
        "type": "Point",
        "coordinates": [
          115.985679,
          29.722364
        ]
      },
      "properties": {
        "整理后的馆驿名称": "蒲塘驿",
        "相对于741年州县位置/大致范围": "在德安縣",
        "精确定位参考（里距/现代村镇）": "",
        "道（十五道）": "江南西道",
        "府州": "江州",
        "县": "潯陽",
        "精度": "1",
        "资料出处": "《輿地紀勝》",
        "驿路名（如果有的话）": "",
        "始建年（仅录唐五代）": "",
        "备注": "",
        "是否为馆驿": "",
        "引用台湾图数据出处": ""
      }
    },
    {
      "type": "Feature",
      "geometry": {
        "type": "Point",
        "coordinates": [
          116.060529,
          33.998624
        ]
      },
      "properties": {
        "整理后的馆驿名称": "垣阳驿",
        "相对于741年州县位置/大致范围": "县城中",
        "精确定位参考（里距/现代村镇）": "开元二十六年后县治",
        "道（十五道）": "河南道",
        "府州": "亳州",
        "县": "酂县",
        "精度": "1",
        "资料出处": "《旧唐书》卷三八《地理志一》",
        "驿路名（如果有的话）": "",
        "始建年（仅录唐五代）": "",
        "备注": "",
        "是否为馆驿": "",
        "引用台湾图数据出处": ""
      }
    },
    {
      "type": "Feature",
      "geometry": {
        "type": "Point",
        "coordinates": [
          116.0610269,
          38.06719776
        ]
      },
      "properties": {
        "整理后的馆驿名称": "栾城驿",
        "相对于741年州县位置/大致范围": "",
        "精确定位参考（里距/现代村镇）": "",
        "道（十五道）": "河北道",
        "府州": "瀛洲",
        "县": "乐寿县",
        "精度": "2",
        "资料出处": "明代《水陆路程便览》记载：“栾城驿，献县八十里。”",
        "驿路名（如果有的话）": "",
        "始建年（仅录唐五代）": "",
        "备注": "",
        "是否为馆驿": "",
        "引用台湾图数据出处": ""
      }
    },
    {
      "type": "Feature",
      "geometry": {
        "type": "Point",
        "coordinates": [
          116.28256,
          35.95607
        ]
      },
      "properties": {
        "整理后的馆驿名称": "临酅驿",
        "相对于741年州县位置/大致范围": "",
        "精确定位参考（里距/现代村镇）": "",
        "道（十五道）": "河南道",
        "府州": "郓州",
        "县": "须昌县",
        "精度": "2",
        "资料出处": "《玉海》卷一七二",
        "驿路名（如果有的话）": "",
        "始建年（仅录唐五代）": "",
        "备注": "",
        "是否为馆驿": "",
        "引用台湾图数据出处": ""
      }
    },
    {
      "type": "Feature",
      "geometry": {
        "type": "Point",
        "coordinates": [
          116.35596,
          35.73216
        ]
      },
      "properties": {
        "整理后的馆驿名称": "知沟驿",
        "相对于741年州县位置/大致范围": "沙沟驿东一程",
        "精确定位参考（里距/现代村镇）": "",
        "道（十五道）": "河南道",
        "府州": "兖州",
        "县": "平陆县",
        "精度": "2",
        "资料出处": "《玉海》卷一七二",
        "驿路名（如果有的话）": "",
        "始建年（仅录唐五代）": "",
        "备注": "",
        "是否为馆驿": "",
        "引用台湾图数据出处": ""
      }
    },
    {
      "type": "Feature",
      "geometry": {
        "type": "Point",
        "coordinates": [
          116.366105,
          33.946739
        ]
      },
      "properties": {
        "整理后的馆驿名称": "永城驿",
        "相对于741年州县位置/大致范围": "",
        "精确定位参考（里距/现代村镇）": "",
        "道（十五道）": "河南道",
        "府州": "亳州",
        "县": "永城县",
        "精度": "1",
        "资料出处": "《全唐诗》卷五五九薛能；卷四九九姚合",
        "驿路名（如果有的话）": "",
        "始建年（仅录唐五代）": "",
        "备注": "",
        "是否为馆驿": "",
        "引用台湾图数据出处": "1.0"
      }
    },
    {
      "type": "Feature",
      "geometry": {
        "type": "Point",
        "coordinates": [
          116.550398,
          23.669447
        ]
      },
      "properties": {
        "整理后的馆驿名称": "西津驿",
        "相对于741年州县位置/大致范围": "县西六里",
        "精确定位参考（里距/现代村镇）": "",
        "道（十五道）": "岭南道",
        "府州": "潮州",
        "县": "海阳县",
        "精度": "1",
        "资料出处": "《元和郡县图志》卷三四潮州",
        "驿路名（如果有的话）": "",
        "始建年（仅录唐五代）": "",
        "备注": "",
        "是否为馆驿": "",
        "引用台湾图数据出处": ""
      }
    },
    {
      "type": "Feature",
      "geometry": {
        "type": "Point",
        "coordinates": [
          116.636658,
          23.667706
        ]
      },
      "properties": {
        "整理后的馆驿名称": "盐亭驿",
        "相对于741年州县位置/大致范围": "近海",
        "精确定位参考（里距/现代村镇）": "",
        "道（十五道）": "岭南道",
        "府州": "潮州",
        "县": "海阳县",
        "精度": "2",
        "资料出处": "《元和郡县图志》卷三四潮州",
        "驿路名（如果有的话）": "",
        "始建年（仅录唐五代）": "",
        "备注": "",
        "是否为馆驿": "",
        "引用台湾图数据出处": ""
      }
    },
    {
      "type": "Feature",
      "geometry": {
        "type": "Point",
        "coordinates": [
          116.82253,
          35.55564
        ]
      },
      "properties": {
        "整理后的馆驿名称": "葛石驿",
        "相对于741年州县位置/大致范围": "宋有改名记录，应为唐驿",
        "精确定位参考（里距/现代村镇）": "",
        "道（十五道）": "河南道",
        "府州": "兖州",
        "县": "瑕丘县",
        "精度": "1",
        "资料出处": "玉海卷一七二",
        "驿路名（如果有的话）": "",
        "始建年（仅录唐五代）": "",
        "备注": "",
        "是否为馆驿": "",
        "引用台湾图数据出处": ""
      }
    },
    {
      "type": "Feature",
      "geometry": {
        "type": "Point",
        "coordinates": [
          116.927501,
          30.226873
        ]
      },
      "properties": {
        "整理后的馆驿名称": "黄花馆",
        "相对于741年州县位置/大致范围": "",
        "精确定位参考（里距/现代村镇）": "",
        "道（十五道）": "江南西道",
        "府州": "宣州",
        "县": "",
        "精度": "3",
        "资料出处": "《全唐诗》卷517杨发《宿黄花馆》；《万历池州府志》卷7",
        "驿路名（如果有的话）": "",
        "始建年（仅录唐五代）": "",
        "备注": "",
        "是否为馆驿": "",
        "引用台湾图数据出处": ""
      }
    },
    {
      "type": "Feature",
      "geometry": {
        "type": "Point",
        "coordinates": [
          116.938606,
          31.05228
        ]
      },
      "properties": {
        "整理后的馆驿名称": "桐城驿",
        "相对于741年州县位置/大致范围": "在县城",
        "精确定位参考（里距/现代村镇）": "",
        "道（十五道）": "淮南道",
        "府州": "舒州",
        "县": "同安县",
        "精度": "1",
        "资料出处": "《给事集》卷一",
        "驿路名（如果有的话）": "",
        "始建年（仅录唐五代）": "",
        "备注": "",
        "是否为馆驿": "",
        "引用台湾图数据出处": ""
      }
    },
    {
      "type": "Feature",
      "geometry": {
        "type": "Point",
        "coordinates": [
          116.966728,
          33.766956
        ]
      },
      "properties": {
        "整理后的馆驿名称": "灵壁（零壁）驿",
        "相对于741年州县位置/大致范围": "",
        "精确定位参考（里距/现代村镇）": "今灵璧县",
        "道（十五道）": "河南道",
        "府州": "徐州",
        "县": "符离县",
        "精度": "2",
        "资料出处": "《北山集》卷二三",
        "驿路名（如果有的话）": "",
        "始建年（仅录唐五代）": "",
        "备注": "",
        "是否为馆驿": "",
        "引用台湾图数据出处": ""
      }
    },
    {
      "type": "Feature",
      "geometry": {
        "type": "Point",
        "coordinates": [
          117.00031,
          36.64912
        ]
      },
      "properties": {
        "整理后的馆驿名称": "丰齐驿",
        "相对于741年州县位置/大致范围": "齐州东南三十里",
        "精确定位参考（里距/现代村镇）": "",
        "道（十五道）": "河南道",
        "府州": "齐州",
        "县": "历城",
        "精度": "1",
        "资料出处": "资治通鉴",
        "驿路名（如果有的话）": "",
        "始建年（仅录唐五代）": "",
        "备注": "",
        "是否为馆驿": "",
        "引用台湾图数据出处": ""
      }
    },
    {
      "type": "Feature",
      "geometry": {
        "type": "Point",
        "coordinates": [
          117.2893282,
          30.27874042
        ]
      },
      "properties": {
        "整理后的馆驿名称": "杨梅馆",
        "相对于741年州县位置/大致范围": "贵池县西九十里石岭镇",
        "精确定位参考（里距/现代村镇）": "今石岭镇",
        "道（十五道）": "江南西道",
        "府州": "宣州",
        "县": "秋浦县",
        "精度": "2",
        "资料出处": "《白居易集》卷一三",
        "驿路名（如果有的话）": "",
        "始建年（仅录唐五代）": "",
        "备注": "",
        "是否为馆驿": "",
        "引用台湾图数据出处": ""
      }
    },
    {
      "type": "Feature",
      "geometry": {
        "type": "Point",
        "coordinates": [
          117.386998,
          29.874814
        ]
      },
      "properties": {
        "整理后的馆驿名称": "大北驿（文溪驿）",
        "相对于741年州县位置/大致范围": "县西六十里",
        "精确定位参考（里距/现代村镇）": "",
        "道（十五道）": "江南东道",
        "府州": "歙州",
        "县": "祁门县",
        "精度": "2",
        "资料出处": "《新安志》卷四",
        "驿路名（如果有的话）": "",
        "始建年（仅录唐五代）": "",
        "备注": "",
        "是否为馆驿": "",
        "引用台湾图数据出处": ""
      }
    },
    {
      "type": "Feature",
      "geometry": {
        "type": "Point",
        "coordinates": [
          117.421311,
          28.401876
        ]
      },
      "properties": {
        "整理后的馆驿名称": "弋阳馆",
        "相对于741年州县位置/大致范围": "县治东",
        "精确定位参考（里距/现代村镇）": "",
        "道（十五道）": "江南西道",
        "府州": "饶州",
        "县": "弋阳县",
        "精度": "2",
        "资料出处": "《全唐诗》卷五一一张祜",
        "驿路名（如果有的话）": "",
        "始建年（仅录唐五代）": "",
        "备注": "",
        "是否为馆驿": "",
        "引用台湾图数据出处": ""
      }
    },
    {
      "type": "Feature",
      "geometry": {
        "type": "Point",
        "coordinates": [
          117.4587762,
          24.0590792
        ]
      },
      "properties": {
        "整理后的馆驿名称": "盘陀岭驿（漳浦驿）",
        "相对于741年州县位置/大致范围": "今福建漳浦西南三十里梁山之西",
        "精确定位参考（里距/现代村镇）": "",
        "道（十五道）": "江南东道",
        "府州": "漳州",
        "县": "漳浦",
        "精度": "1",
        "资料出处": "",
        "驿路名（如果有的话）": "",
        "始建年（仅录唐五代）": "",
        "备注": "",
        "是否为馆驿": "",
        "引用台湾图数据出处": ""
      }
    },
    {
      "type": "Feature",
      "geometry": {
        "type": "Point",
        "coordinates": [
          117.4902025,
          30.67667251
        ]
      },
      "properties": {
        "整理后的馆驿名称": "清溪馆",
        "相对于741年州县位置/大致范围": "在县界水路旁",
        "精确定位参考（里距/现代村镇）": "",
        "道（十五道）": "江南西道",
        "府州": "宣州",
        "县": "秋浦县",
        "精度": "2",
        "资料出处": "《全唐诗》卷一一四谈戭；卷三一一陈存；卷七七〇钱戭；《全唐诗》卷一四七刘长卿",
        "驿路名（如果有的话）": "",
        "始建年（仅录唐五代）": "",
        "备注": "",
        "是否为馆驿": "",
        "引用台湾图数据出处": ""
      }
    },
    {
      "type": "Feature",
      "geometry": {
        "type": "Point",
        "coordinates": [
          117.640221,
          32.901634
        ]
      },
      "properties": {
        "整理后的馆驿名称": "高塘馆",
        "相对于741年州县位置/大致范围": "濠州西临淮河处",
        "精确定位参考（里距/现代村镇）": "",
        "道（十五道）": "淮南道",
        "府州": "濠州",
        "县": "钟离县",
        "精度": "2",
        "资料出处": "《南部新书》庚卷",
        "驿路名（如果有的话）": "",
        "始建年（仅录唐五代）": "",
        "备注": "",
        "是否为馆驿": "",
        "引用台湾图数据出处": ""
      }
    },
    {
      "type": "Feature",
      "geometry": {
        "type": "Point",
        "coordinates": [
          117.640221,
          32.901634
        ]
      },
      "properties": {
        "整理后的馆驿名称": "清风驿",
        "相对于741年州县位置/大致范围": "钟离县城",
        "精确定位参考（里距/现代村镇）": "",
        "道（十五道）": "淮南道",
        "府州": "濠州",
        "县": "钟离县",
        "精度": "2",
        "资料出处": "《马氏南唐书》卷三《嗣主传》",
        "驿路名（如果有的话）": "",
        "始建年（仅录唐五代）": "",
        "备注": "",
        "是否为馆驿": "",
        "引用台湾图数据出处": "2.0"
      }
    },
    {
      "type": "Feature",
      "geometry": {
        "type": "Point",
        "coordinates": [
          117.776392,
          39.873223
        ]
      },
      "properties": {
        "整理后的馆驿名称": "玉田驿",
        "相对于741年州县位置/大致范围": "蓟州东南八十里",
        "精确定位参考（里距/现代村镇）": "",
        "道（十五道）": "河北道",
        "府州": "蓟州",
        "县": "玉田县",
        "精度": "2",
        "资料出处": "《唐会要》",
        "驿路名（如果有的话）": "",
        "始建年（仅录唐五代）": "",
        "备注": "",
        "是否为馆驿": "",
        "引用台湾图数据出处": ""
      }
    },
    {
      "type": "Feature",
      "geometry": {
        "type": "Point",
        "coordinates": [
          117.818404,
          30.479507
        ]
      },
      "properties": {
        "整理后的馆驿名称": "九华驿",
        "相对于741年州县位置/大致范围": "在九华山附近",
        "精确定位参考（里距/现代村镇）": "",
        "道（十五道）": "淮南道",
        "府州": "宣州",
        "县": "秋浦县",
        "精度": "1",
        "资料出处": "白居易《宿九华驿阻雨》《钱塘集》卷五",
        "驿路名（如果有的话）": "",
        "始建年（仅录唐五代）": "",
        "备注": "",
        "是否为馆驿": "",
        "引用台湾图数据出处": ""
      }
    },
    {
      "type": "Feature",
      "geometry": {
        "type": "Point",
        "coordinates": [
          117.855,
          30.637
        ]
      },
      "properties": {
        "整理后的馆驿名称": "青阳驿",
        "相对于741年州县位置/大致范围": "今池州青阳县",
        "精确定位参考（里距/现代村镇）": "",
        "道（十五道）": "江南西道",
        "府州": "宣州",
        "县": "秋浦县",
        "精度": "2",
        "资料出处": "《宋文鉴》卷一八江休复",
        "驿路名（如果有的话）": "",
        "始建年（仅录唐五代）": "",
        "备注": "",
        "是否为馆驿": "",
        "引用台湾图数据出处": ""
      }
    },
    {
      "type": "Feature",
      "geometry": {
        "type": "Point",
        "coordinates": [
          117.975405,
          29.839741
        ]
      },
      "properties": {
        "整理后的馆驿名称": "祁山驿",
        "相对于741年州县位置/大致范围": "在县城",
        "精确定位参考（里距/现代村镇）": "",
        "道（十五道）": "江南东道",
        "府州": "歙州",
        "县": "祁门县",
        "精度": "1",
        "资料出处": "《新安志》卷四",
        "驿路名（如果有的话）": "",
        "始建年（仅录唐五代）": "",
        "备注": "",
        "是否为馆驿": "",
        "引用台湾图数据出处": "2.0"
      }
    },
    {
      "type": "Feature",
      "geometry": {
        "type": "Point",
        "coordinates": [
          118.181024,
          36.811902
        ]
      },
      "properties": {
        "整理后的馆驿名称": "金岭驿",
        "相对于741年州县位置/大致范围": "淄川与益都之间，靠近益都",
        "精确定位参考（里距/现代村镇）": "今山东烟台金岭镇",
        "道（十五道）": "河南道",
        "府州": "淄州",
        "县": "淄川县",
        "精度": "1",
        "资料出处": "《入唐求法巡礼行纪》开成五年",
        "驿路名（如果有的话）": "",
        "始建年（仅录唐五代）": "",
        "备注": "",
        "是否为馆驿": "",
        "引用台湾图数据出处": ""
      }
    },
    {
      "type": "Feature",
      "geometry": {
        "type": "Point",
        "coordinates": [
          118.302048,
          33.166885
        ]
      },
      "properties": {
        "整理后的馆驿名称": "徐城驿",
        "相对于741年州县位置/大致范围": "县城中",
        "精确定位参考（里距/现代村镇）": "",
        "道（十五道）": "河南道",
        "府州": "泗州",
        "县": "徐城县",
        "精度": "1",
        "资料出处": "《文献通考》舆地考",
        "驿路名（如果有的话）": "",
        "始建年（仅录唐五代）": "",
        "备注": "",
        "是否为馆驿": "",
        "引用台湾图数据出处": ""
      }
    },
    {
      "type": "Feature",
      "geometry": {
        "type": "Point",
        "coordinates": [
          118.37041,
          36.86401
        ]
      },
      "properties": {
        "整理后的馆驿名称": "古泉驿",
        "相对于741年州县位置/大致范围": "城中淄水边",
        "精确定位参考（里距/现代村镇）": "",
        "道（十五道）": "河南道",
        "府州": "青州",
        "县": "临淄县",
        "精度": "1",
        "资料出处": "《全唐诗》卷八六张说",
        "驿路名（如果有的话）": "",
        "始建年（仅录唐五代）": "",
        "备注": "",
        "是否为馆驿": "",
        "引用台湾图数据出处": ""
      }
    },
    {
      "type": "Feature",
      "geometry": {
        "type": "Point",
        "coordinates": [
          118.3890336,
          31.68188111
        ]
      },
      "properties": {
        "整理后的馆驿名称": "横江馆",
        "相对于741年州县位置/大致范围": "江边，与采石相对",
        "精确定位参考（里距/现代村镇）": "",
        "道（十五道）": "淮南道",
        "府州": "和州",
        "县": "历阳",
        "精度": "1",
        "资料出处": "",
        "驿路名（如果有的话）": "",
        "始建年（仅录唐五代）": "",
        "备注": "",
        "是否为馆驿": "",
        "引用台湾图数据出处": ""
      }
    },
    {
      "type": "Feature",
      "geometry": {
        "type": "Point",
        "coordinates": [
          118.4081,
          33.8042
        ]
      },
      "properties": {
        "整理后的馆驿名称": "洪源驿",
        "相对于741年州县位置/大致范围": "泗水入淮处",
        "精确定位参考（里距/现代村镇）": "",
        "道（十五道）": "河南道",
        "府州": "泗州",
        "县": "宿豫县",
        "精度": "1",
        "资料出处": "《旧唐书》卷一八七下《辛谠传》；《册府元龟》卷四三〇",
        "驿路名（如果有的话）": "",
        "始建年（仅录唐五代）": "",
        "备注": "",
        "是否为馆驿": "",
        "引用台湾图数据出处": ""
      }
    },
    {
      "type": "Feature",
      "geometry": {
        "type": "Point",
        "coordinates": [
          118.433945,
          29.86577
        ]
      },
      "properties": {
        "整理后的馆驿名称": "新安馆",
        "相对于741年州县位置/大致范围": "",
        "精确定位参考（里距/现代村镇）": "",
        "道（十五道）": "江南东道",
        "府州": "歙州",
        "县": "歙县",
        "精度": "3",
        "资料出处": "《全唐诗》卷五五一卢肇",
        "驿路名（如果有的话）": "",
        "始建年（仅录唐五代）": "",
        "备注": "",
        "是否为馆驿": "",
        "引用台湾图数据出处": ""
      }
    },
    {
      "type": "Feature",
      "geometry": {
        "type": "Point",
        "coordinates": [
          118.483437,
          31.555685
        ]
      },
      "properties": {
        "整理后的馆驿名称": "青山馆",
        "相对于741年州县位置/大致范围": "谢灵运旧居，剡县七曲嶀浦一带",
        "精确定位参考（里距/现代村镇）": "",
        "道（十五道）": "江南东道",
        "府州": "越州",
        "县": "剡县",
        "精度": "2",
        "资料出处": "《全唐诗》卷六〇三许棠",
        "驿路名（如果有的话）": "",
        "始建年（仅录唐五代）": "",
        "备注": "",
        "是否为馆驿": "",
        "引用台湾图数据出处": ""
      }
    },
    {
      "type": "Feature",
      "geometry": {
        "type": "Point",
        "coordinates": [
          118.487,
          33.056
        ]
      },
      "properties": {
        "整理后的馆驿名称": "泗州州驿",
        "相对于741年州县位置/大致范围": "泗州治",
        "精确定位参考（里距/现代村镇）": "",
        "道（十五道）": "河南道",
        "府州": "泗州",
        "县": "临淮县",
        "精度": "2",
        "资料出处": "《苕溪渔隐丛话》后集卷三六引《复斋漫录》",
        "驿路名（如果有的话）": "",
        "始建年（仅录唐五代）": "",
        "备注": "",
        "是否为馆驿": "",
        "引用台湾图数据出处": ""
      }
    },
    {
      "type": "Feature",
      "geometry": {
        "type": "Point",
        "coordinates": [
          118.487733,
          33.054288
        ]
      },
      "properties": {
        "整理后的馆驿名称": "泗水驿",
        "相对于741年州县位置/大致范围": "州南城门外",
        "精确定位参考（里距/现代村镇）": "",
        "道（十五道）": "河南道",
        "府州": "泗州",
        "县": "临淮县",
        "精度": "1",
        "资料出处": "《续资治通鉴长篇》卷一八",
        "驿路名（如果有的话）": "",
        "始建年（仅录唐五代）": "",
        "备注": "",
        "是否为馆驿": "",
        "引用台湾图数据出处": ""
      }
    },
    {
      "type": "Feature",
      "geometry": {
        "type": "Point",
        "coordinates": [
          118.5368144,
          29.99088698
        ]
      },
      "properties": {
        "整理后的馆驿名称": "临溪馆",
        "相对于741年州县位置/大致范围": "績溪縣往歙县方向六十里",
        "精确定位参考（里距/现代村镇）": "",
        "道（十五道）": "江南东道",
        "府州": "歙州",
        "县": "绩溪",
        "精度": "1",
        "资料出处": "",
        "驿路名（如果有的话）": "",
        "始建年（仅录唐五代）": "",
        "备注": "",
        "是否为馆驿": "",
        "引用台湾图数据出处": ""
      }
    },
    {
      "type": "Feature",
      "geometry": {
        "type": "Point",
        "coordinates": [
          118.660591,
          32.878691
        ]
      },
      "properties": {
        "整理后的馆驿名称": "都梁驿",
        "相对于741年州县位置/大致范围": "盱眙县东南十五里",
        "精确定位参考（里距/现代村镇）": "盱眙县东南莲塘",
        "道（十五道）": "河南道",
        "府州": "泗州",
        "县": "盱眙县",
        "精度": "1",
        "资料出处": "《太平寰宇记》卷一六泗州",
        "驿路名（如果有的话）": "",
        "始建年（仅录唐五代）": "",
        "备注": "",
        "是否为馆驿": "",
        "引用台湾图数据出处": ""
      }
    },
    {
      "type": "Feature",
      "geometry": {
        "type": "Point",
        "coordinates": [
          118.660591,
          32.878691
        ]
      },
      "properties": {
        "整理后的馆驿名称": "莲塘驿",
        "相对于741年州县位置/大致范围": "临淮水",
        "精确定位参考（里距/现代村镇）": "",
        "道（十五道）": "河南道",
        "府州": "泗州",
        "县": "盱眙县",
        "精度": "2",
        "资料出处": "《旧唐书》卷一八七下《辛谠传》；《册府元龟》卷四三〇《全唐诗》卷二八二李益《全唐诗》卷六六二罗隐",
        "驿路名（如果有的话）": "",
        "始建年（仅录唐五代）": "",
        "备注": "",
        "是否为馆驿": "",
        "引用台湾图数据出处": ""
      }
    },
    {
      "type": "Feature",
      "geometry": {
        "type": "Point",
        "coordinates": [
          118.7425,
          30.946941
        ]
      },
      "properties": {
        "整理后的馆驿名称": "宛溪馆",
        "相对于741年州县位置/大致范围": "",
        "精确定位参考（里距/现代村镇）": "宣城宛溪",
        "道（十五道）": "江南西道",
        "府州": "宣州",
        "县": "宣城县",
        "精度": "2",
        "资料出处": "《全唐诗》卷一八四李白",
        "驿路名（如果有的话）": "",
        "始建年（仅录唐五代）": "",
        "备注": "",
        "是否为馆驿": "",
        "引用台湾图数据出处": ""
      }
    },
    {
      "type": "Feature",
      "geometry": {
        "type": "Point",
        "coordinates": [
          118.76899,
          32.052563
        ]
      },
      "properties": {
        "整理后的馆驿名称": "白下驿",
        "相对于741年州县位置/大致范围": "应该在城中",
        "精确定位参考（里距/现代村镇）": "",
        "道（十五道）": "江南东道",
        "府州": "润州",
        "县": "江宁县",
        "精度": "3",
        "资料出处": "",
        "驿路名（如果有的话）": "",
        "始建年（仅录唐五代）": "",
        "备注": "",
        "是否为馆驿": "",
        "引用台湾图数据出处": ""
      }
    },
    {
      "type": "Feature",
      "geometry": {
        "type": "Point",
        "coordinates": [
          118.76899,
          32.052563
        ]
      },
      "properties": {
        "整理后的馆驿名称": "清风驿",
        "相对于741年州县位置/大致范围": "城中",
        "精确定位参考（里距/现代村镇）": "",
        "道（十五道）": "江南东道",
        "府州": "润州",
        "县": "江宁县",
        "精度": "1",
        "资料出处": "南唐所設",
        "驿路名（如果有的话）": "",
        "始建年（仅录唐五代）": "",
        "备注": "",
        "是否为馆驿": "",
        "引用台湾图数据出处": ""
      }
    },
    {
      "type": "Feature",
      "geometry": {
        "type": "Point",
        "coordinates": [
          118.8482002,
          32.0726033
        ]
      },
      "properties": {
        "整理后的馆驿名称": "钟山馆",
        "相对于741年州县位置/大致范围": "南京紫金山",
        "精确定位参考（里距/现代村镇）": "",
        "道（十五道）": "江南东道",
        "府州": "润州",
        "县": "江宁县",
        "精度": "3",
        "资料出处": "《全唐诗》卷二六八耿_",
        "驿路名（如果有的话）": "",
        "始建年（仅录唐五代）": "",
        "备注": "",
        "是否为馆驿": "",
        "引用台湾图数据出处": ""
      }
    },
    {
      "type": "Feature",
      "geometry": {
        "type": "Point",
        "coordinates": [
          118.8833116,
          31.97804122
        ]
      },
      "properties": {
        "整理后的馆驿名称": "彭城驿",
        "相对于741年州县位置/大致范围": "",
        "精确定位参考（里距/现代村镇）": "_武帝_安陵_",
        "道（十五道）": "江南东道",
        "府州": "润州",
        "县": "江宁县",
        "精度": "1",
        "资料出处": "建康實錄載，但此為南朝驛，唐是否有則不知",
        "驿路名（如果有的话）": "",
        "始建年（仅录唐五代）": "",
        "备注": "",
        "是否为馆驿": "",
        "引用台湾图数据出处": ""
      }
    },
    {
      "type": "Feature",
      "geometry": {
        "type": "Point",
        "coordinates": [
          118.933586,
          33.531315
        ]
      },
      "properties": {
        "整理后的馆驿名称": "淮阴水馆",
        "相对于741年州县位置/大致范围": "淮阴县城",
        "精确定位参考（里距/现代村镇）": "",
        "道（十五道）": "淮南道",
        "府州": "楚州",
        "县": "淮阴县",
        "精度": "1",
        "资料出处": "《全唐诗》卷五一〇张祜",
        "驿路名（如果有的话）": "",
        "始建年（仅录唐五代）": "",
        "备注": "",
        "是否为馆驿": "",
        "引用台湾图数据出处": ""
      }
    },
    {
      "type": "Feature",
      "geometry": {
        "type": "Point",
        "coordinates": [
          119.141106,
          33.502789
        ]
      },
      "properties": {
        "整理后的馆驿名称": "山阳驿",
        "相对于741年州县位置/大致范围": "",
        "精确定位参考（里距/现代村镇）": "",
        "道（十五道）": "淮南道",
        "府州": "楚州",
        "县": "山阳县",
        "精度": "2",
        "资料出处": "《文恭集》卷三",
        "驿路名（如果有的话）": "",
        "始建年（仅录唐五代）": "",
        "备注": "",
        "是否为馆驿": "",
        "引用台湾图数据出处": ""
      }
    },
    {
      "type": "Feature",
      "geometry": {
        "type": "Point",
        "coordinates": [
          119.1501387,
          32.28931573
        ]
      },
      "properties": {
        "整理后的馆驿名称": "白沙",
        "相对于741年州县位置/大致范围": "江边，与下蜀相对，谭图有标",
        "精确定位参考（里距/现代村镇）": "",
        "道（十五道）": "淮南道",
        "府州": "扬州",
        "县": "江都",
        "精度": "1",
        "资料出处": "",
        "驿路名（如果有的话）": "",
        "始建年（仅录唐五代）": "",
        "备注": "",
        "是否为馆驿": "",
        "引用台湾图数据出处": ""
      }
    },
    {
      "type": "Feature",
      "geometry": {
        "type": "Point",
        "coordinates": [
          119.172379,
          29.034788
        ]
      },
      "properties": {
        "整理后的馆驿名称": "龙丘驿",
        "相对于741年州县位置/大致范围": "",
        "精确定位参考（里距/现代村镇）": "",
        "道（十五道）": "江南东道",
        "府州": "衢州",
        "县": "龙丘县",
        "精度": "3",
        "资料出处": "《骖鸾录》：十日，泊婺州。十一日，早飯馬海寺。世俗所用百忌曆，出此寺。宿湯??。十二日，早飯舍利寺，宿龍游縣龍丘驛。未至，有長橋，工料嚴飭，他處所未見，前令陶定所作。自登陸來，所至山有殘雪，村落無處無梅，客行匆匆，自無緣領略，可嘆也。",
        "驿路名（如果有的话）": "",
        "始建年（仅录唐五代）": "",
        "备注": "",
        "是否为馆驿": "",
        "引用台湾图数据出处": ""
      }
    },
    {
      "type": "Feature",
      "geometry": {
        "type": "Point",
        "coordinates": [
          119.2878991,
          31.97532237
        ]
      },
      "properties": {
        "整理后的馆驿名称": "青阳馆（驿）",
        "相对于741年州县位置/大致范围": "县东20里",
        "精确定位参考（里距/现代村镇）": "",
        "道（十五道）": "江南东道",
        "府州": "润州",
        "县": "句容",
        "精度": "1",
        "资料出处": "",
        "驿路名（如果有的话）": "",
        "始建年（仅录唐五代）": "",
        "备注": "",
        "是否为馆驿": "",
        "引用台湾图数据出处": ""
      }
    },
    {
      "type": "Feature",
      "geometry": {
        "type": "Point",
        "coordinates": [
          119.38606,
          32.252519
        ]
      },
      "properties": {
        "整理后的馆驿名称": "瓜洲驿",
        "相对于741年州县位置/大致范围": "",
        "精确定位参考（里距/现代村镇）": "今瓜洲位置",
        "道（十五道）": "淮南道",
        "府州": "扬州",
        "县": "江都县",
        "精度": "1",
        "资料出处": "《全唐诗》卷一五〇刘长卿",
        "驿路名（如果有的话）": "洛汴驿路",
        "始建年（仅录唐五代）": "",
        "备注": "",
        "是否为馆驿": "",
        "引用台湾图数据出处": "2.0"
      }
    },
    {
      "type": "Feature",
      "geometry": {
        "type": "Point",
        "coordinates": [
          119.403681,
          36.826069
        ]
      },
      "properties": {
        "整理后的馆驿名称": "芙蓉驿",
        "相对于741年州县位置/大致范围": "",
        "精确定位参考（里距/现代村镇）": "",
        "道（十五道）": "河南道",
        "府州": "青州",
        "县": "",
        "精度": "3",
        "资料出处": "",
        "驿路名（如果有的话）": "",
        "始建年（仅录唐五代）": "",
        "备注": "",
        "是否为馆驿": "",
        "引用台湾图数据出处": ""
      }
    },
    {
      "type": "Feature",
      "geometry": {
        "type": "Point",
        "coordinates": [
          119.437187,
          32.39127
        ]
      },
      "properties": {
        "整理后的馆驿名称": "扬州水馆",
        "相对于741年州县位置/大致范围": "江都县",
        "精确定位参考（里距/现代村镇）": "",
        "道（十五道）": "淮南道",
        "府州": "扬州",
        "县": "江都县",
        "精度": "2",
        "资料出处": "《全唐诗》卷四八二李绅",
        "驿路名（如果有的话）": "",
        "始建年（仅录唐五代）": "",
        "备注": "",
        "是否为馆驿": "",
        "引用台湾图数据出处": ""
      }
    },
    {
      "type": "Feature",
      "geometry": {
        "type": "Point",
        "coordinates": [
          119.437187,
          32.39127
        ]
      },
      "properties": {
        "整理后的馆驿名称": "扬子驿",
        "相对于741年州县位置/大致范围": "江都县",
        "精确定位参考（里距/现代村镇）": "",
        "道（十五道）": "淮南道",
        "府州": "扬州",
        "县": "江都县",
        "精度": "2",
        "资料出处": "《太平广记》卷三九九引《水经》《全唐诗》卷一一四包融；卷一六〇孟浩然",
        "驿路名（如果有的话）": "",
        "始建年（仅录唐五代）": "",
        "备注": "",
        "是否为馆驿": "",
        "引用台湾图数据出处": ""
      }
    },
    {
      "type": "Feature",
      "geometry": {
        "type": "Point",
        "coordinates": [
          119.6584694,
          29.10050905
        ]
      },
      "properties": {
        "整理后的馆驿名称": "婺州水馆",
        "相对于741年州县位置/大致范围": "",
        "精确定位参考（里距/现代村镇）": "金华婺州古城景区，临水",
        "道（十五道）": "江南东道",
        "府州": "婺州",
        "县": "金华县",
        "精度": "2",
        "资料出处": "《全唐诗》卷六九八韦庄",
        "驿路名（如果有的话）": "",
        "始建年（仅录唐五代）": "",
        "备注": "",
        "是否为馆驿": "",
        "引用台湾图数据出处": ""
      }
    },
    {
      "type": "Feature",
      "geometry": {
        "type": "Point",
        "coordinates": [
          119.94228,
          31.782664
        ]
      },
      "properties": {
        "整理后的馆驿名称": "荆溪馆",
        "相对于741年州县位置/大致范围": "",
        "精确定位参考（里距/现代村镇）": "",
        "道（十五道）": "江南东道",
        "府州": "常州",
        "县": "义兴",
        "精度": "1",
        "资料出处": "",
        "驿路名（如果有的话）": "",
        "始建年（仅录唐五代）": "",
        "备注": "",
        "是否为馆驿": "",
        "引用台湾图数据出处": ""
      }
    },
    {
      "type": "Feature",
      "geometry": {
        "type": "Point",
        "coordinates": [
          119.9589553,
          37.19118663
        ]
      },
      "properties": {
        "整理后的馆驿名称": "莱州驿",
        "相对于741年州县位置/大致范围": "",
        "精确定位参考（里距/现代村镇）": "",
        "道（十五道）": "河南道",
        "府州": "莱州",
        "县": "掖县",
        "精度": "2",
        "资料出处": "《唐会要》卷六二；《大唐新语》卷一一",
        "驿路名（如果有的话）": "",
        "始建年（仅录唐五代）": "",
        "备注": "",
        "是否为馆驿": "",
        "引用台湾图数据出处": ""
      }
    },
    {
      "type": "Feature",
      "geometry": {
        "type": "Point",
        "coordinates": [
          120.058441,
          28.648392
        ]
      },
      "properties": {
        "整理后的馆驿名称": "缙云驿",
        "相对于741年州县位置/大致范围": "",
        "精确定位参考（里距/现代村镇）": "",
        "道（十五道）": "江南东道",
        "府州": "括州",
        "县": "缙云",
        "精度": "3",
        "资料出处": "",
        "驿路名（如果有的话）": "",
        "始建年（仅录唐五代）": "",
        "备注": "",
        "是否为馆驿": "",
        "引用台湾图数据出处": ""
      }
    },
    {
      "type": "Feature",
      "geometry": {
        "type": "Point",
        "coordinates": [
          120.099312,
          30.864964
        ]
      },
      "properties": {
        "整理后的馆驿名称": "霅溪馆（云溪馆）",
        "相对于741年州县位置/大致范围": "县东南一里",
        "精确定位参考（里距/现代村镇）": "湖州霅溪馆",
        "道（十五道）": "江南东道",
        "府州": "湖州",
        "县": "乌程县",
        "精度": "1",
        "资料出处": "《太平寰宇记》卷九四湖州乌程县，《全唐诗》卷八一二清江；卷八一六皎然",
        "驿路名（如果有的话）": "",
        "始建年（仅录唐五代）": "",
        "备注": "",
        "是否为馆驿": "",
        "引用台湾图数据出处": ""
      }
    },
    {
      "type": "Feature",
      "geometry": {
        "type": "Point",
        "coordinates": [
          120.1397272,
          30.20178803
        ]
      },
      "properties": {
        "整理后的馆驿名称": "樟亭驿",
        "相对于741年州县位置/大致范围": "",
        "精确定位参考（里距/现代村镇）": "今浙江杭州市南白塔岭下钱塘江滨",
        "道（十五道）": "江南东道",
        "府州": "杭州",
        "县": "钱塘县",
        "精度": "1",
        "资料出处": "《全唐诗》卷五二九许浑",
        "驿路名（如果有的话）": "",
        "始建年（仅录唐五代）": "",
        "备注": "",
        "是否为馆驿": "",
        "引用台湾图数据出处": ""
      }
    },
    {
      "type": "Feature",
      "geometry": {
        "type": "Point",
        "coordinates": [
          120.168625,
          30.294125
        ]
      },
      "properties": {
        "整理后的馆驿名称": "桂芝馆",
        "相对于741年州县位置/大致范围": "县东南二百步",
        "精确定位参考（里距/现代村镇）": "",
        "道（十五道）": "江南东道",
        "府州": "杭州",
        "县": "钱塘",
        "精度": "1",
        "资料出处": "《咸淳临安志》",
        "驿路名（如果有的话）": "",
        "始建年（仅录唐五代）": "",
        "备注": "",
        "是否为馆驿": "",
        "引用台湾图数据出处": ""
      }
    },
    {
      "type": "Feature",
      "geometry": {
        "type": "Point",
        "coordinates": [
          120.2209581,
          30.19185171
        ]
      },
      "properties": {
        "整理后的馆驿名称": "西陵驿",
        "相对于741年州县位置/大致范围": "",
        "精确定位参考（里距/现代村镇）": "杭州西兴古镇",
        "道（十五道）": "江南东道",
        "府州": "越州",
        "县": "西陵县",
        "精度": "1",
        "资料出处": "《兼明书》卷四《西陵》",
        "驿路名（如果有的话）": "",
        "始建年（仅录唐五代）": "",
        "备注": "",
        "是否为馆驿": "",
        "引用台湾图数据出处": ""
      }
    },
    {
      "type": "Feature",
      "geometry": {
        "type": "Point",
        "coordinates": [
          120.228,
          29.26057
        ]
      },
      "properties": {
        "整理后的馆驿名称": "梅溪馆",
        "相对于741年州县位置/大致范围": "",
        "精确定位参考（里距/现代村镇）": "",
        "道（十五道）": "江南东道",
        "府州": "婺州",
        "县": "东阳",
        "精度": "3",
        "资料出处": "",
        "驿路名（如果有的话）": "",
        "始建年（仅录唐五代）": "",
        "备注": "",
        "是否为馆驿": "",
        "引用台湾图数据出处": "2.0"
      }
    },
    {
      "type": "Feature",
      "geometry": {
        "type": "Point",
        "coordinates": [
          120.325987,
          37.557114
        ]
      },
      "properties": {
        "整理后的馆驿名称": "乘夫馆",
        "相对于741年州县位置/大致范围": "",
        "精确定位参考（里距/现代村镇）": "",
        "道（十五道）": "河南道",
        "府州": "登州",
        "县": "",
        "精度": "3",
        "资料出处": "",
        "驿路名（如果有的话）": "",
        "始建年（仅录唐五代）": "",
        "备注": "",
        "是否为馆驿": "",
        "引用台湾图数据出处": "2.0"
      }
    },
    {
      "type": "Feature",
      "geometry": {
        "type": "Point",
        "coordinates": [
          120.430827,
          37.603867
        ]
      },
      "properties": {
        "整理后的馆驿名称": "战齐馆",
        "相对于741年州县位置/大致范围": "",
        "精确定位参考（里距/现代村镇）": "",
        "道（十五道）": "河南道",
        "府州": "登州",
        "县": "",
        "精度": "3",
        "资料出处": "",
        "驿路名（如果有的话）": "",
        "始建年（仅录唐五代）": "",
        "备注": "",
        "是否为馆驿": "",
        "引用台湾图数据出处": "1.0"
      }
    },
    {
      "type": "Feature",
      "geometry": {
        "type": "Point",
        "coordinates": [
          120.457745,
          31.414074
        ]
      },
      "properties": {
        "整理后的馆驿名称": "望亭驿",
        "相对于741年州县位置/大致范围": "",
        "精确定位参考（里距/现代村镇）": "苏州望亭历史文化街区",
        "道（十五道）": "江南东道",
        "府州": "苏州",
        "县": "吴县",
        "精度": "1",
        "资料出处": "《全唐诗》卷四四七白居易",
        "驿路名（如果有的话）": "",
        "始建年（仅录唐五代）": "",
        "备注": "",
        "是否为馆驿": "",
        "引用台湾图数据出处": ""
      }
    },
    {
      "type": "Feature",
      "geometry": {
        "type": "Point",
        "coordinates": [
          120.564753,
          30.457626
        ]
      },
      "properties": {
        "整理后的馆驿名称": "义亭驿",
        "相对于741年州县位置/大致范围": "县(治今盐官镇)西北二十五里",
        "精确定位参考（里距/现代村镇）": "浙江海宁长安镇",
        "道（十五道）": "江南东道",
        "府州": "杭州",
        "县": "盐官县",
        "精度": "1",
        "资料出处": "《全唐诗》卷八一七皎然",
        "驿路名（如果有的话）": "",
        "始建年（仅录唐五代）": "",
        "备注": "",
        "是否为馆驿": "",
        "引用台湾图数据出处": ""
      }
    },
    {
      "type": "Feature",
      "geometry": {
        "type": "Point",
        "coordinates": [
          120.578262,
          30.004515
        ]
      },
      "properties": {
        "整理后的馆驿名称": "临江驿",
        "相对于741年州县位置/大致范围": "",
        "精确定位参考（里距/现代村镇）": "",
        "道（十五道）": "江南东道",
        "府州": "越州",
        "县": "山阴县",
        "精度": "2",
        "资料出处": "《全唐诗》卷五二宋之问",
        "驿路名（如果有的话）": "",
        "始建年（仅录唐五代）": "",
        "备注": "",
        "是否为馆驿": "",
        "引用台湾图数据出处": ""
      }
    },
    {
      "type": "Feature",
      "geometry": {
        "type": "Point",
        "coordinates": [
          120.598916,
          30.091003
        ]
      },
      "properties": {
        "整理后的馆驿名称": "小江驿",
        "相对于741年州县位置/大致范围": "",
        "精确定位参考（里距/现代村镇）": "绍兴钱清",
        "道（十五道）": "江南东道",
        "府州": "越州",
        "县": "山阴县",
        "精度": "1",
        "资料出处": "《全唐诗》卷三四八陈羽",
        "驿路名（如果有的话）": "",
        "始建年（仅录唐五代）": "",
        "备注": "",
        "是否为馆驿": "",
        "引用台湾图数据出处": ""
      }
    },
    {
      "type": "Feature",
      "geometry": {
        "type": "Point",
        "coordinates": [
          120.6129496,
          31.29051132
        ]
      },
      "properties": {
        "整理后的馆驿名称": "盘门驿",
        "相对于741年州县位置/大致范围": "",
        "精确定位参考（里距/现代村镇）": "__",
        "道（十五道）": "江南东道",
        "府州": "苏州",
        "县": "吴县",
        "精度": "3",
        "资料出处": "定位清楚，但不清楚唐代是否有建制",
        "驿路名（如果有的话）": "",
        "始建年（仅录唐五代）": "",
        "备注": "",
        "是否为馆驿": "",
        "引用台湾图数据出处": ""
      }
    },
    {
      "type": "Feature",
      "geometry": {
        "type": "Point",
        "coordinates": [
          120.618622,
          31.31271
        ]
      },
      "properties": {
        "整理后的馆驿名称": "松江驿",
        "相对于741年州县位置/大致范围": "",
        "精确定位参考（里距/现代村镇）": "松江区松江畔",
        "道（十五道）": "江南东道",
        "府州": "苏州",
        "县": "华亭县",
        "精度": "2",
        "资料出处": "《全唐诗》卷五九〇李郢",
        "驿路名（如果有的话）": "",
        "始建年（仅录唐五代）": "",
        "备注": "",
        "是否为馆驿": "",
        "引用台湾图数据出处": ""
      }
    },
    {
      "type": "Feature",
      "geometry": {
        "type": "Point",
        "coordinates": [
          120.635961,
          30.976417
        ]
      },
      "properties": {
        "整理后的馆驿名称": "平望驿",
        "相对于741年州县位置/大致范围": "官塘与大运河交汇处",
        "精确定位参考（里距/现代村镇）": "平望镇",
        "道（十五道）": "江南东道",
        "府州": "苏州",
        "县": "吴县",
        "精度": "1",
        "资料出处": "",
        "驿路名（如果有的话）": "",
        "始建年（仅录唐五代）": "",
        "备注": "",
        "是否为馆驿": "",
        "引用台湾图数据出处": ""
      }
    },
    {
      "type": "Feature",
      "geometry": {
        "type": "Point",
        "coordinates": [
          120.653221,
          28.018291
        ]
      },
      "properties": {
        "整理后的馆驿名称": "上浦馆",
        "相对于741年州县位置/大致范围": "府城东七十里",
        "精确定位参考（里距/现代村镇）": "",
        "道（十五道）": "江南东道",
        "府州": "温州",
        "县": "永嘉县",
        "精度": "1",
        "资料出处": "《全唐诗》卷一六〇孟浩然",
        "驿路名（如果有的话）": "",
        "始建年（仅录唐五代）": "",
        "备注": "",
        "是否为馆驿": "",
        "引用台湾图数据出处": ""
      }
    },
    {
      "type": "Feature",
      "geometry": {
        "type": "Point",
        "coordinates": [
          120.753126,
          30.745343
        ]
      },
      "properties": {
        "整理后的馆驿名称": "嘉禾驿",
        "相对于741年州县位置/大致范围": "",
        "精确定位参考（里距/现代村镇）": "",
        "道（十五道）": "江南东道",
        "府州": "苏州",
        "县": "嘉兴县",
        "精度": "3",
        "资料出处": "《刘禹锡全集编年校注》卷5《送裴處士應制舉》；《舆地纪胜》卷3《嘉兴府》：嘉禾驛《晏公類要》云：在子城之西南。",
        "驿路名（如果有的话）": "",
        "始建年（仅录唐五代）": "",
        "备注": "",
        "是否为馆驿": "",
        "引用台湾图数据出处": ""
      }
    },
    {
      "type": "Feature",
      "geometry": {
        "type": "Point",
        "coordinates": [
          120.815277,
          29.58749
        ]
      },
      "properties": {
        "整理后的馆驿名称": "剡溪馆",
        "相对于741年州县位置/大致范围": "",
        "精确定位参考（里距/现代村镇）": "",
        "道（十五道）": "江南东道",
        "府州": "越州",
        "县": "剡县",
        "精度": "3",
        "资料出处": "《全唐诗》卷一一四丁仙芝",
        "驿路名（如果有的话）": "",
        "始建年（仅录唐五代）": "",
        "备注": "",
        "是否为馆驿": "",
        "引用台湾图数据出处": ""
      }
    },
    {
      "type": "Feature",
      "geometry": {
        "type": "Point",
        "coordinates": [
          120.932022,
          30.517859
        ]
      },
      "properties": {
        "整理后的馆驿名称": "海盐南馆",
        "相对于741年州县位置/大致范围": "",
        "精确定位参考（里距/现代村镇）": "",
        "道（十五道）": "江南东道",
        "府州": "苏州",
        "县": "海盐",
        "精度": "3",
        "资料出处": "",
        "驿路名（如果有的话）": "",
        "始建年（仅录唐五代）": "",
        "备注": "",
        "是否为馆驿": "",
        "引用台湾图数据出处": "1.0"
      }
    },
    {
      "type": "Feature",
      "geometry": {
        "type": "Point",
        "coordinates": [
          121.251127,
          29.161436
        ]
      },
      "properties": {
        "整理后的馆驿名称": "南陈馆",
        "相对于741年州县位置/大致范围": "",
        "精确定位参考（里距/现代村镇）": "",
        "道（十五道）": "江南东道",
        "府州": "台州",
        "县": "",
        "精度": "3",
        "资料出处": "",
        "驿路名（如果有的话）": "",
        "始建年（仅录唐五代）": "",
        "备注": "",
        "是否为馆驿": "",
        "引用台湾图数据出处": "2.0"
      }
    },
    {
      "type": "Feature",
      "geometry": {
        "type": "Point",
        "coordinates": [
          121.773909,
          37.319099
        ]
      },
      "properties": {
        "整理后的馆驿名称": "斜山馆",
        "相对于741年州县位置/大致范围": "",
        "精确定位参考（里距/现代村镇）": "",
        "道（十五道）": "河南道",
        "府州": "登州",
        "县": "",
        "精度": "3",
        "资料出处": "",
        "驿路名（如果有的话）": "",
        "始建年（仅录唐五代）": "",
        "备注": "",
        "是否为馆驿": "",
        "引用台湾图数据出处": ""
      }
    },
    {
      "type": "Feature",
      "geometry": {
        "type": "Point",
        "coordinates": [
          122.029468,
          29.37709
        ]
      },
      "properties": {
        "整理后的馆驿名称": "蓬莱驿",
        "相对于741年州县位置/大致范围": "蓬莱县城",
        "精确定位参考（里距/现代村镇）": "",
        "道（十五道）": "河南道",
        "府州": "郓州",
        "县": "须昌县",
        "精度": "2",
        "资料出处": "《全唐诗》卷二四七独孤及",
        "驿路名（如果有的话）": "",
        "始建年（仅录唐五代）": "",
        "备注": "",
        "是否为馆驿": "",
        "引用台湾图数据出处": ""
      }
    },
    {
      "type": "Feature",
      "geometry": {
        "type": "Point",
        "coordinates": [
          111.803818,
          33.174006
        ]
      },
      "properties": {
        "整理后的馆驿名称": "商於驿",
        "相对于741年州县位置/大致范围": "",
        "精确定位参考（里距/现代村镇）": "",
        "道（十五道）": "山南东道",
        "府州": "邓州",
        "县": "",
        "精度": "2",
        "资料出处": "",
        "驿路名（如果有的话）": "",
        "始建年（仅录唐五代）": "",
        "备注": "",
        "是否为馆驿": "",
        "引用台湾图数据出处": "2.0"
      }
    },
    {
      "type": "Feature",
      "geometry": {
        "type": "Point",
        "coordinates": [
          111.796805,
          30.304682
        ]
      },
      "properties": {
        "整理后的馆驿名称": "松滋渡",
        "相对于741年州县位置/大致范围": "",
        "精确定位参考（里距/现代村镇）": "",
        "道（十五道）": "山南东道",
        "府州": "荆州",
        "县": "",
        "精度": "2",
        "资料出处": "",
        "驿路名（如果有的话）": "",
        "始建年（仅录唐五代）": "",
        "备注": "",
        "是否为馆驿": "",
        "引用台湾图数据出处": "2.0"
      }
    },
    {
      "type": "Feature",
      "geometry": {
        "type": "Point",
        "coordinates": [
          111.927469,
          32.923115
        ]
      },
      "properties": {
        "整理后的馆驿名称": "临湍驿",
        "相对于741年州县位置/大致范围": "",
        "精确定位参考（里距/现代村镇）": "",
        "道（十五道）": "山南东道",
        "府州": "邓州",
        "县": "",
        "精度": "2",
        "资料出处": "",
        "驿路名（如果有的话）": "",
        "始建年（仅录唐五代）": "",
        "备注": "",
        "是否为馆驿": "",
        "引用台湾图数据出处": "2.0"
      }
    },
    {
      "type": "Feature",
      "geometry": {
        "type": "Point",
        "coordinates": [
          103.158137,
          30.093661
        ]
      },
      "properties": {
        "整理后的馆驿名称": "顺阳驿",
        "相对于741年州县位置/大致范围": "",
        "精确定位参考（里距/现代村镇）": "",
        "道（十五道）": "剑南道",
        "府州": "雅州",
        "县": "",
        "精度": "2",
        "资料出处": "",
        "驿路名（如果有的话）": "",
        "始建年（仅录唐五代）": "",
        "备注": "",
        "是否为馆驿": "",
        "引用台湾图数据出处": "2.0"
      }
    },
    {
      "type": "Feature",
      "geometry": {
        "type": "Point",
        "coordinates": [
          109.205005,
          34.761975
        ]
      },
      "properties": {
        "整理后的馆驿名称": "富平驿",
        "相对于741年州县位置/大致范围": "",
        "精确定位参考（里距/现代村镇）": "",
        "道（十五道）": "京畿道",
        "府州": "京兆府",
        "县": "",
        "精度": "2",
        "资料出处": "",
        "驿路名（如果有的话）": "",
        "始建年（仅录唐五代）": "",
        "备注": "",
        "是否为馆驿": "",
        "引用台湾图数据出处": "2.0"
      }
    },
    {
      "type": "Feature",
      "geometry": {
        "type": "Point",
        "coordinates": [
          102.225862,
          27.410807
        ]
      },
      "properties": {
        "整理后的馆驿名称": "羌浪驿",
        "相对于741年州县位置/大致范围": "",
        "精确定位参考（里距/现代村镇）": "",
        "道（十五道）": "剑南道",
        "府州": "嶲州",
        "县": "",
        "精度": "2",
        "资料出处": "",
        "驿路名（如果有的话）": "",
        "始建年（仅录唐五代）": "",
        "备注": "",
        "是否为馆驿": "",
        "引用台湾图数据出处": "1.0"
      }
    },
    {
      "type": "Feature",
      "geometry": {
        "type": "Point",
        "coordinates": [
          108.149738,
          34.854219
        ]
      },
      "properties": {
        "整理后的馆驿名称": "麻亭驿",
        "相对于741年州县位置/大致范围": "",
        "精确定位参考（里距/现代村镇）": "",
        "道（十五道）": "京畿道",
        "府州": "岐州",
        "县": "",
        "精度": "2",
        "资料出处": "",
        "驿路名（如果有的话）": "",
        "始建年（仅录唐五代）": "",
        "备注": "",
        "是否为馆驿": "",
        "引用台湾图数据出处": "1.0"
      }
    },
    {
      "type": "Feature",
      "geometry": {
        "type": "Point",
        "coordinates": [
          103.213518,
          25.595896
        ]
      },
      "properties": {
        "整理后的馆驿名称": "制长馆",
        "相对于741年州县位置/大致范围": "",
        "精确定位参考（里距/现代村镇）": "",
        "道（十五道）": "剑南道",
        "府州": "戎州",
        "县": "",
        "精度": "3",
        "资料出处": "",
        "驿路名（如果有的话）": "",
        "始建年（仅录唐五代）": "",
        "备注": "",
        "是否为馆驿": "",
        "引用台湾图数据出处": "2.0"
      }
    },
    {
      "type": "Feature",
      "geometry": {
        "type": "Point",
        "coordinates": [
          104.220733,
          23.356398
        ]
      },
      "properties": {
        "整理后的馆驿名称": "古湧步",
        "相对于741年州县位置/大致范围": "",
        "精确定位参考（里距/现代村镇）": "",
        "道（十五道）": "岭南道",
        "府州": "僚子部",
        "县": "",
        "精度": "2",
        "资料出处": "",
        "驿路名（如果有的话）": "",
        "始建年（仅录唐五代）": "",
        "备注": "",
        "是否为馆驿": "1.0",
        "引用台湾图数据出处": "2.0"
      }
    },
    {
      "type": "Feature",
      "geometry": {
        "type": "Point",
        "coordinates": [
          91.731421,
          43.196349
        ]
      },
      "properties": {
        "整理后的馆驿名称": "避风驿",
        "相对于741年州县位置/大致范围": "",
        "精确定位参考（里距/现代村镇）": "",
        "道（十五道）": "陇右道",
        "府州": "伊州",
        "县": "",
        "精度": "2",
        "资料出处": "",
        "驿路名（如果有的话）": "",
        "始建年（仅录唐五代）": "",
        "备注": "",
        "是否为馆驿": "",
        "引用台湾图数据出处": "2.0"
      }
    },
    {
      "type": "Feature",
      "geometry": {
        "type": "Point",
        "coordinates": [
          112.905848,
          36.169513
        ]
      },
      "properties": {
        "整理后的馆驿名称": "屯留驿",
        "相对于741年州县位置/大致范围": "",
        "精确定位参考（里距/现代村镇）": "",
        "道（十五道）": "河东道",
        "府州": "潞州",
        "县": "",
        "精度": "2",
        "资料出处": "",
        "驿路名（如果有的话）": "",
        "始建年（仅录唐五代）": "",
        "备注": "",
        "是否为馆驿": "",
        "引用台湾图数据出处": "2.0"
      }
    },
    {
      "type": "Feature",
      "geometry": {
        "type": "Point",
        "coordinates": [
          107.361712,
          33.226804
        ]
      },
      "properties": {
        "整理后的馆驿名称": "胥水驿",
        "相对于741年州县位置/大致范围": "",
        "精确定位参考（里距/现代村镇）": "",
        "道（十五道）": "山南东道",
        "府州": "梁州",
        "县": "",
        "精度": "2",
        "资料出处": "",
        "驿路名（如果有的话）": "",
        "始建年（仅录唐五代）": "",
        "备注": "",
        "是否为馆驿": "",
        "引用台湾图数据出处": "2.0"
      }
    },
    {
      "type": "Feature",
      "geometry": {
        "type": "Point",
        "coordinates": [
          111.071471,
          35.640391
        ]
      },
      "properties": {
        "整理后的馆驿名称": "长秋驿",
        "相对于741年州县位置/大致范围": "",
        "精确定位参考（里距/现代村镇）": "",
        "道（十五道）": "河东道",
        "府州": "绛州",
        "县": "",
        "精度": "2",
        "资料出处": "",
        "驿路名（如果有的话）": "",
        "始建年（仅录唐五代）": "",
        "备注": "",
        "是否为馆驿": "",
        "引用台湾图数据出处": "2.0"
      }
    },
    {
      "type": "Feature",
      "geometry": {
        "type": "Point",
        "coordinates": [
          112.486756,
          34.490422
        ]
      },
      "properties": {
        "整理后的馆驿名称": "彭婆馆",
        "相对于741年州县位置/大致范围": "",
        "精确定位参考（里距/现代村镇）": "",
        "道（十五道）": "都畿道",
        "府州": "河南府",
        "县": "河南县",
        "精度": "1",
        "资料出处": "",
        "驿路名（如果有的话）": "",
        "始建年（仅录唐五代）": "",
        "备注": "",
        "是否为馆驿": "",
        "引用台湾图数据出处": "1.0"
      }
    }
  ]
}